{
    "enabled": false,
    "coin": "litecoin.json",

    "address": "n4jSe18kZMCdGcZqaYprShXW6EH1wivUK1",

    "rewardRecipients": {
        "n37vuNFkXfk15uFnGoVyHZ6PYQxppD3QqK": 1.5,
        "22851477d63a085dbc2398c8430af1c09e7343f6": 0.1
    },

    "paymentProcessing": {
        "enabled": true,
        "paymentInterval": 20,
        "minimumPayment": 70,
        "daemon": {
            "host": "127.0.0.1",
            "port": 19332,
            "user": "testuser",
            "password": "testpass"
        }
    },

    "ports": {
        "3008": {
            "diff": 8
        },
        "3032": {
            "diff": 32,
            "varDiff": {
                "minDiff": 8,
                "maxDiff": 512,
                "targetTime": 15,
                "retargetTime": 90,
                "variancePercent": 30
            }
        },
        "3256": {
            "diff": 256
        }
    },

    "daemons": [
        {
            "host": "127.0.0.1",
            "port": 19332,
            "user": "testuser",
            "password": "testpass"
        }
    ],

    "p2p": {
        "enabled": true,
        "host": "127.0.0.1",
        "port": 19333,
        "disableTransactions": true
    },

    "mposMode": {
        "enabled": false,
        "host": "127.0.0.1",
        "port": 3306,
        "user": "me",
        "password": "mypass",
        "database": "ltc",
        "checkPassword": true,
        "autoCreateWorker": false
    }

}