<assembly
	xmlns="http://maven.apache.org/plugins/maven-assembly-plugin/assembly/1.1.0"
	xmlns:xsi="http://www.w3.org/2001/XMLSchema-instance"
	xsi:schemaLocation="http://maven.apache.org/plugins/maven-assembly-plugin/assembly/1.1.0 http://maven.apache.org/xsd/assembly-1.1.0.xsd">
	<id>all</id>
	<formats>
		<format>zip</format>
	</formats>
	<includeBaseDirectory>false</includeBaseDirectory>
	<fileSets>
		<fileSet>
			<directory>${project.basedir}</directory>
			<outputDirectory>/</outputDirectory>
			<includes>
				<include>bin/*.bat</include>
				<include>bin/*.sh</include>
				<include>results/**/*.*</include>
			</includes>
		</fileSet>
		<fileSet>
			<directory>${project.build.directory}/classes</directory>
			<outputDirectory>/classes</outputDirectory>
		</fileSet>
	</fileSets>
	<dependencySets>
		<dependencySet>
			<outputDirectory>/classes</outputDirectory>
			<useProjectArtifact>false</useProjectArtifact>
			<unpack>true</unpack>
			<scope>runtime</scope>
			<includes>
				<include>algotraderlight:algotraderlight-code*</include>
			</includes>
		</dependencySet>
		<dependencySet>
			<outputDirectory>/lib</outputDirectory>
			<useProjectArtifact>false</useProjectArtifact>
			<unpack>false</unpack>
			<scope>runtime</scope>
			<excludes>
				<exclude>algotrader*</exclude>
			</excludes>
		</dependencySet>
	</dependencySets>		
</assembly>