{
  "$schema": "http://json-schema.org/draft-04/schema#",
  "$id": "https://w3id.org/blockcerts/schema/2.0-alpha/issuerSchema.json",
  "title": "IssuerProfile schema",
  "description": "Blockcerts 2.0 Issuer Identification (Profile) schema. Extends https://w3id.org/openbadges#Profile, a type that is embedded in an Open Badge and/or hosted at an issuer URI. Blockcerts specializes the Issuer Profile type into 2 schemas: the core that is embedded in the certificate (which matches the Open Badges Profile type), and one that is to be hosted at an issuer URI, to support blockchain verification of claims. This schema describes the latter. The issuer-hosted Profile is used in the Blockcerts verification process to look up the current list of public keys claimed by the issuer. This also defines an `introductionURL` which may be used by recipients (or software agents) to submit an introduction to the issuer. ",
  "type": "object",
  "definitions": {
    "JsonLdContext": {
      "description": "A link to a valid JSON-LD context, or array of JSON-LD contexts",
      "oneOf": [
        {
          "type": "string"
        },
        {
          "type": "array",
          "items": {
            "oneOf": [
              {
                "type": "string"
              },
              {
                "type": "object"
              },
              {
                "type": "array"
              }
            ]
          }
        }
      ]
    },
    "JsonLdType": {
      "description": "A type or an array of types defined in a referenced JSON-LD context.",
      "oneOf": [
        {
          "type": "string"
        },
        {
          "type": "array",
          "items": {
            "type": "string"
          }
        }
      ]
    },
    "ImageUri": {
      "description": "An image representative of the entity. In Blockcerts this is typically a data URI embedded as a base-64 encoded PNG image, but it may also be a URI where the image may be found.",
      "type": "string",
      "anyOf": [
        {
          "type": "string",
          "pattern": "^data:"
        },
        {
          "type": "string",
          "format": "uri"
        }
      ]
    },
    "ISODateTime": {
      "description": "ISO 8601 date format string `yyyy-MM-dd'T'HH:mm:ss.SSS` with optional `.SSS` milliseconds",
      "type": "string"
    },
    "UNIXTimeStamp": {
      "description": "10-digit UNIX timestamp, epoch time",
      "type": "integer",
      "minimum": 0,
      "maximum": 9999999999
    },
    "DateTime": {
      "anyOf": [
        {
          "$ref": "#/definitions/ISODateTime"
        },
        {
          "$ref": "#/definitions/UNIXTimeStamp"
        }
      ]
    },
    "CryptographicKey": {
      "description": "Defined by https://web-payments.org/vocabs/security#Key",
      "type": "object",
      "properties": {
        "publicKey": {
          "type": "string",
          "pattern": "^ecdsa-koblitz-pubkey:",
          "description": "Issuer public key or blockchain address IRI with `<scheme>:` prefix. For Bitcoin transactions, this would be the issuer public address prefixed with `ecdsa-koblitz-pubkey:`; e.g. `ecdsa-koblitz-pubkey:14RZvYazz9H2DC2skBfpPVxax54g4yabxe`"
        },
        "created": {
          "$ref": "#/definitions/DateTime"
        },
        "expires": {
          "$ref": "#/definitions/DateTime"
        },
        "revoked": {
          "$ref": "#/definitions/DateTime"
        }
      },
      "required": [
        "publicKey",
        "created"
      ]
    },
    "Profile": {
      "$id": "#profile",
      "description": "Defined by https://w3id.org/openbadges#Profile. This type is used in certificates, and in the issuer-hosted identification page. The minimal set of properties required in the certificate are `id` and `type`. In this case, additional issuer-identification properties are assumed to be available at the issuer-hosted identification page.",
      "properties": {
        "id": {
          "type": "string",
          "format": "uri",
          "description": "Defined by `id` property of https://w3id.org/openbadges#Profile"
        },
        "type": {
          "$ref": "#/definitions/JsonLdType",
          "description": "Defined by `type` property of https://w3id.org/openbadges#Profile"
        },
        "name": {
          "type": "string",
          "description": "Defined by `name` property of https://w3id.org/openbadges#Profile"
        },
        "url": {
          "type": "string",
          "format": "uri",
          "description": "Defined by `url` property of https://w3id.org/openbadges#Profile"
        },
        "telephone": {
          "type": "string",
          "description": "Defined by `telephone` property of https://w3id.org/openbadges#Profile"
        },
        "description": {
          "type": "string",
          "description": "Defined by `description` property of https://w3id.org/openbadges#Profile"
        },
        "image": {
          "$ref": "#/definitions/ImageUri",
          "description": "Defined by `image` property of https://w3id.org/openbadges#Profile"
        },
        "email": {
          "type": "string",
          "description": "Defined by `email` property of https://w3id.org/openbadges#Profile"
        },
        "revocationList": {
          "anyOf": [
            {
              "type": "string",
              "format": "uri"
            },
            {
              "type": "null"
            }
          ],
          "description": "Defined by `revocationList` property of https://w3id.org/openbadges#Profile. If embedded in a Blockcert and the issuer-hosted Profile, the value in the Blockcert should take preference."
        }
      },
      "required": [
        "id",
        "type"
      ]
    }
  },
  "allOf": [
    {
      "$ref": "#/definitions/Profile"
    }
  ],
  "properties": {
    "publicKeys": {
      "type": "array",
      "description": "Array of CryptographicKey (https://web-payments.org/vocabs/security#Key) references or objects. Entries may be dereferencable URIs of a document describing a CryptographicKey, or an embedded description of a CryptographicKey.",
      "items": {
        "anyOf": [
          {
            "type": "string",
            "format": "uri",
            "description": "Cryptographic key URI"
          },
          {
            "$ref": "#/definitions/CryptographicKey"
          }
        ]
      }
    },
    "introductionURL": {
      "type": "string",
      "format": "uri",
      "description": "Blockcerts extension: URI where potential recipients (or their agents) should submit introductions, including recipient public key. If the issuer supports certificate wallet introductions, this field should specify the endpoint for use by certificate wallets. Otherwise, it can represent a URI enabling some other form of introduction; for example an HTTP IRI for a web form that to be filled out by the recipient."
    }
  },
  "required": [
    "id",
    "type",
    "name",
    "url",
    "publicKeys"
  ]
}
