[{"type":"function","outputs":[{"type":"bool","name":"success"}],"name":"approve","inputs":[{"type":"address","name":"_spender"},{"type":"uint256","name":"_amount"}],"constant":false},{"type":"function","outputs":[{"type":"uint256","name":""}],"name":"minTokensToCreate","inputs":[],"constant":true},{"type":"function","outputs":[{"type":"uint256","name":""}],"name":"totalSupply","inputs":[],"constant":true},{"type":"function","outputs":[{"type":"address","name":"_newDAO"}],"name":"getNewDAOAddress","inputs":[{"type":"uint256","name":"_proposalID"}],"constant":true},{"type":"function","outputs":[{"type":"bool","name":"success"}],"name":"transferFrom","inputs":[{"type":"address","name":"_from"},{"type":"address","name":"_to"},{"type":"uint256","name":"_value"}],"constant":false},{"type":"function","outputs":[{"type":"uint256","name":"_actualBalance"}],"name":"actualBalance","inputs":[],"constant":true},{"type":"function","outputs":[{"type":"uint256","name":""}],"name":"closingTime","inputs":[],"constant":true},{"type":"function","outputs":[{"type":"bool","name":"success"}],"name":"transferWithoutReward","inputs":[{"type":"address","name":"_to"},{"type":"uint256","name":"_value"}],"constant":false},{"type":"function","outputs":[],"name":"refund","inputs":[],"constant":false},{"type":"function","outputs":[{"type":"uint256","name":"balance"}],"name":"balanceOf","inputs":[{"type":"address","name":"_owner"}],"constant":true},{"type":"function","outputs":[{"type":"uint256","name":"_numberOfProposals"}],"name":"numberOfProposals","inputs":[],"constant":true},{"type":"function","outputs":[{"type":"bool","name":"success"}],"name":"transfer","inputs":[{"type":"address","name":"_to"},{"type":"uint256","name":"_value"}],"constant":false},{"type":"function","outputs":[{"type":"bool","name":""}],"name":"isFueled","inputs":[],"constant":true},{"type":"function","outputs":[{"type":"bool","name":"success"}],"name":"createTokenProxy","inputs":[{"type":"address","name":"_tokenHolder"}],"constant":false},{"type":"function","outputs":[{"type":"uint256","name":"_voteID"}],"name":"vote","inputs":[{"type":"uint256","name":"_proposalID"},{"type":"bool","name":"_supportsProposal"}],"constant":false},{"type":"function","outputs":[{"type":"bool","name":"_success"}],"name":"getMyReward","inputs":[],"constant":false},{"type":"function","outputs":[{"type":"bool","name":"success"}],"name":"transferFromWithoutReward","inputs":[{"type":"address","name":"_from"},{"type":"address","name":"_to"},{"type":"uint256","name":"_value"}],"constant":false},{"type":"function","outputs":[{"type":"uint256","name":"remaining"}],"name":"allowance","inputs":[{"type":"address","name":"_owner"},{"type":"address","name":"_spender"}],"constant":true},{"type":"function","outputs":[{"type":"uint256","name":""}],"name":"blocked","inputs":[{"type":"address","name":""}],"constant":true},{"type":"function","outputs":[{"type":"address","name":""}],"name":"curator","inputs":[],"constant":true},{"type":"function","outputs":[{"type":"bool","name":"_codeChecksOut"}],"name":"checkProposalCode","inputs":[{"type":"uint256","name":"_proposalID"},{"type":"address","name":"_recipient"},{"type":"uint256","name":"_amount"},{"type":"bytes","name":"_transactionData"}],"constant":true},{"type":"constructor","inputs":[{"type":"address","name":"_curator"},{"type":"address","name":"_daoCreator"},{"type":"uint256","name":"_proposalDeposit"},{"type":"uint256","name":"_minTokensToCreate"},{"type":"uint256","name":"_closingTime"},{"type":"address","name":"_privateCreation"}]},{"type":"event","name":"FuelingToDate","inputs":[{"type":"uint256","name":"value","indexed":false}],"anonymous":false},{"type":"event","name":"ProposalAdded","inputs":[{"type":"uint256","name":"proposalID","indexed":true},{"type":"address","name":"recipient","indexed":false},{"type":"uint256","name":"amount","indexed":false},{"type":"bool","name":"newCurator","indexed":false},{"type":"string","name":"description","indexed":false}],"anonymous":false},{"type":"event","name":"ProposalTallied","inputs":[{"type":"uint256","name":"proposalID","indexed":true},{"type":"bool","name":"result","indexed":false},{"type":"uint256","name":"quorum","indexed":false}],"anonymous":false},{"type":"event","name":"NewCurator","inputs":[{"type":"address","name":"_newCurator","indexed":true}],"anonymous":false},{"type":"event","name":"AllowedRecipientChanged","inputs":[{"type":"address","name":"_recipient","indexed":true},{"type":"bool","name":"_allowed","indexed":false}],"anonymous":false}]
