[{"constant":true,"inputs":[{"name":"","type":"uint256"}],"name":"proposals","outputs":[{"name":"recipient","type":"address"},{"name":"amount","type":"uint256"},{"name":"description","type":"string"},{"name":"votingDeadline","type":"uint256"},{"name":"open","type":"bool"},{"name":"proposalPassed","type":"bool"},{"name":"proposalHash","type":"bytes32"},{"name":"proposalDeposit","type":"uint256"},{"name":"newCurator","type":"bool"},{"name":"yea","type":"uint256"},{"name":"nay","type":"uint256"},{"name":"creator","type":"address"}],"type":"function"},{"type":"function","outputs":[{"type":"uint256","name":""}],"name":"totalSupply","inputs":[],"constant":true},{"type":"function","outputs":[{"type":"uint256","name":""}],"name":"closingTime","inputs":[],"constant":true},{"type":"function","outputs":[{"type":"address","name":""}],"name":"curator","inputs":[],"constant":true},{"type":"function","outputs":[{"type":"uint256","name":"balance"}],"name":"balanceOf","inputs":[{"type":"address","name":"_owner"}],"constant":true},{"type":"function","outputs":[{"type":"uint256","name":"_numberOfProposals"}],"name":"numberOfProposals","inputs":[],"constant":true},{"type":"function","outputs":[{"type":"address","name":""}],"name":"extraBalance","inputs":[],"constant":true},{"type":"function","outputs":[{"type":"bool","name":"success"}],"name":"createTokenProxy","inputs":[{"type":"address","name":"_tokenHolder"}],"constant":false},{"type":"function","outputs":[{"type":"uint256","name":"_voteID"}],"name":"vote","inputs":[{"type":"uint256","name":"_proposalID"},{"type":"bool","name":"_supportsProposal"}],"constant":false},{"type":"event","name":"FuelingToDate","inputs":[{"type":"uint256","name":"value","indexed":false}],"anonymous":false},{"type":"event","name":"ProposalAdded","inputs":[{"type":"uint256","name":"proposalID","indexed":true},{"type":"address","name":"recipient","indexed":false},{"type":"uint256","name":"amount","indexed":false},{"type":"bool","name":"newCurator","indexed":false},{"type":"string","name":"description","indexed":false}],"anonymous":false},{"type":"event","name":"ProposalTallied","inputs":[{"type":"uint256","name":"proposalID","indexed":true},{"type":"bool","name":"result","indexed":false},{"type":"uint256","name":"quorum","indexed":false}],"anonymous":false}]
