{"_comment": "empire.studio - Design & Strategy","ops":[{"portsOut":[{"name":"trigger 0"},{"name":"trigger 1"},{"name":"trigger 2"},{"value":0,"name":"trigger 3"},{"value":0,"name":"trigger 4"},{"value":0,"name":"trigger 5"},{"value":0,"name":"trigger 6"},{"value":0,"name":"trigger 7"},{"value":0,"name":"trigger 8"},{"value":0,"name":"trigger 9"},{"value":0,"name":"trigger 10"},{"value":0,"name":"trigger 11"},{"value":0,"name":"trigger 12"},{"value":0,"name":"trigger 13"},{"value":0,"name":"trigger 14"},{"value":0,"name":"trigger 15"}],"portsIn":[{"links":[{"objOut":"e1098e14-c7eb-425c-b02f-434685aa3a30","objIn":"84f14e59-cfb9-4d4c-95eb-f7f6c9b0cda8","portOut":"trigger","portIn":"exe"}],"name":"exe"},{"value":0,"name":"exe 0"},{"value":0,"name":"exe 1"},{"value":0,"name":"exe 2"},{"value":0,"name":"exe 3"},{"value":0,"name":"exe 4"},{"value":0,"name":"exe 5"},{"value":0,"name":"exe 6"},{"value":0,"name":"exe 7"},{"value":0,"name":"exe 8"},{"value":0,"name":"exe 9"},{"value":0,"name":"exe 10"},{"value":0,"name":"exe 11"},{"value":0,"name":"exe 12"},{"value":0,"name":"exe 13"},{"value":0,"name":"exe 14"}],"uiAttribs":{"title":"sequence","subPatch":0},"id":"84f14e59-cfb9-4d4c-95eb-f7f6c9b0cda8","objName":"Ops.Trigger.Sequence","name":"sequence"},{"portsOut":[{"name":"trigger"},{"name":"texture_out"},{"value":1,"name":"Aspect Ratio"}],"portsIn":[{"links":[{"objOut":"84f14e59-cfb9-4d4c-95eb-f7f6c9b0cda8","objIn":"822aa027-e516-49df-8a28-a100e2cd98dc","portOut":"trigger 1","portIn":"render"}],"name":"render"},{"value":false,"name":"use viewport size"},{"value":128,"name":"width"},{"value":128,"name":"height"},{"value":"linear","name":"filter"},{"value":"clamp to edge","name":"wrap"},{"value":1,"name":"Background Alpha"},{"value":0,"name":"HDR"}],"uiAttribs":{"title":"image compose","warning":"","subPatch":0},"id":"822aa027-e516-49df-8a28-a100e2cd98dc","objName":"Ops.Gl.TextureEffects.ImageCompose","name":"image compose"},{"portsOut":[{"name":"result"}],"portsIn":[{"links":[{"objOut":"822aa027-e516-49df-8a28-a100e2cd98dc","objIn":"ab62ea78-38e8-4ff3-8c6a-e3257cc3b935","portOut":"trigger","portIn":"exe"}],"name":"exe"},{"value":1,"name":"Multiply"}],"uiAttribs":{"title":"RelativeTime","subPatch":0},"id":"ab62ea78-38e8-4ff3-8c6a-e3257cc3b935","objName":"Ops.Anim.RelativeTime","name":"RelativeTime"},{"portsOut":[{"name":"result"}],"portsIn":[{"links":[{"objOut":"ab62ea78-38e8-4ff3-8c6a-e3257cc3b935","objIn":"25c0fc92-a83e-401d-b9dd-19a633d91e97","portOut":"result","portIn":"number1"}],"name":"number1"},{"value":10,"name":"number2"}],"uiAttribs":{"title":"multiply","subPatch":0},"id":"25c0fc92-a83e-401d-b9dd-19a633d91e97","objName":"Ops.Math.Multiply","name":"multiply"},{"portsOut":[{"name":"result"}],"portsIn":[{"links":[{"objOut":"25c0fc92-a83e-401d-b9dd-19a633d91e97","objIn":"39ba236e-7650-4f98-b3c5-a2df3e0de0da","portOut":"result","portIn":"number1"}],"name":"number1"},{"value":0.1,"name":"number2"}],"uiAttribs":{"title":"multiply","subPatch":0},"id":"39ba236e-7650-4f98-b3c5-a2df3e0de0da","objName":"Ops.Math.Multiply","name":"multiply"},{"portsOut":[{"value":0,"name":"trigger"}],"portsIn":[{"links":[{"objOut":"822aa027-e516-49df-8a28-a100e2cd98dc","objIn":"49f510da-e3cb-4854-a178-c1d07c98d663","portOut":"trigger","portIn":"render"}],"name":"render"},{"value":"normal","name":"Blend Mode"},{"value":1,"name":"Amount"},{"value":0,"name":"X"},{"value":0,"name":"Y"},{"links":[{"objOut":"39ba236e-7650-4f98-b3c5-a2df3e0de0da","objIn":"49f510da-e3cb-4854-a178-c1d07c98d663","portOut":"result","portIn":"Z"}],"name":"Z"},{"links":[{"objOut":"84b52d28-1040-4be8-9864-a5deb6e48f11","objIn":"49f510da-e3cb-4854-a178-c1d07c98d663","portOut":"result","portIn":"Scale"}],"name":"Scale"}],"uiAttribs":{"title":"PerlinNoise","subPatch":0},"id":"49f510da-e3cb-4854-a178-c1d07c98d663","objName":"Ops.Gl.TextureEffects.Noise.PerlinNoise","name":"PerlinNoise"},{"portsOut":[{"name":"trigger"}],"portsIn":[{"links":[{"objOut":"bf0b2414-6573-4aa3-bded-33d329045103","objIn":"b2dd6e40-2125-45f0-9500-763012b62cf7","portOut":"trigger","portIn":"render"}],"name":"render"},{"value":0,"name":"posX"},{"value":0,"name":"posY"},{"value":0,"name":"posZ"},{"value":0.02,"name":"scale"},{"value":0,"name":"rotX"},{"value":0,"name":"rotY"},{"value":0,"name":"rotZ"}],"uiAttribs":{"title":"Transform","subPatch":0},"id":"b2dd6e40-2125-45f0-9500-763012b62cf7","objName":"Ops.Gl.Matrix.Transform","name":"Transform"},{"portsOut":[{"name":"trigger"},{"name":"shader"}],"portsIn":[{"links":[{"objOut":"84f14e59-cfb9-4d4c-95eb-f7f6c9b0cda8","objIn":"a5a7bcfd-0364-4e87-9f47-d8df66eb077b","portOut":"trigger 0","portIn":"render"}],"name":"render"},{"value":1,"name":"r"},{"value":1,"name":"g"},{"value":0.034106597500962454,"name":"b"},{"value":0.752,"name":"a"},{"links":[{"objOut":"1896d051-96f1-4fec-85d4-26c1a7869f4f","objIn":"a5a7bcfd-0364-4e87-9f47-d8df66eb077b","portOut":"texture_out","portIn":"texture"}],"name":"texture"},{"value":0,"name":"textureOpacity"},{"value":0,"name":"colorizeTexture"},{"value":0,"name":"billboard"},{"value":0,"name":"Opacity TexCoords Transform"},{"value":true,"name":"preMultiplied alpha"},{"value":1,"name":"diffuseRepeatX"},{"value":1,"name":"diffuseRepeatY"},{"value":0,"name":"Tex Offset X"},{"value":0,"name":"Tex Offset Y"}],"uiAttribs":{"title":"BasicMaterial","subPatch":0},"id":"a5a7bcfd-0364-4e87-9f47-d8df66eb077b","objName":"Ops.Gl.Shader.BasicMaterial","name":"BasicMaterial"},{"portsOut":[{"value":0,"name":"trigger"},{"name":"geometry"}],"portsIn":[{"links":[{"objOut":"b2dd6e40-2125-45f0-9500-763012b62cf7","objIn":"757cd12b-b860-4ec1-84cd-6aa5ead4fd4d","portOut":"trigger","portIn":"render"}],"name":"render"},{"value":100,"name":"segments"},{"value":26,"name":"radius"},{"value":0.456,"name":"innerRadius"},{"value":1,"name":"percent"},{"value":0,"name":"steps"},{"value":0,"name":"invertSteps"},{"value":0,"name":"Spline"},{"value":"flat","name":"mapping"}],"uiAttribs":{"title":"Circle","subPatch":0},"id":"757cd12b-b860-4ec1-84cd-6aa5ead4fd4d","objName":"Ops.Gl.Meshes.Circle","name":"Circle"},{"portsOut":[{"name":"trigger"}],"portsIn":[{"links":[{"objOut":"a5a7bcfd-0364-4e87-9f47-d8df66eb077b","objIn":"bf0b2414-6573-4aa3-bded-33d329045103","portOut":"trigger","portIn":"render"}],"name":"render"},{"links":[{"objOut":"822aa027-e516-49df-8a28-a100e2cd98dc","objIn":"bf0b2414-6573-4aa3-bded-33d329045103","portOut":"texture_out","portIn":"texture"}],"name":"texture"},{"value":1,"name":"extrude"},{"value":false,"name":"flip"},{"value":false,"name":"Ignore Zero Values"},{"value":0,"name":"invert"},{"value":0,"name":"offset X"},{"value":0,"name":"offset Y"},{"value":0,"name":"colorize"},{"value":0,"name":"colorize add"},{"value":"mul xyz","name":"mode"}],"uiAttribs":{"title":"VertexDisplacement","subPatch":0},"id":"bf0b2414-6573-4aa3-bded-33d329045103","objName":"Ops.Gl.ShaderEffects.VertexDisplacementMap","name":"VertexDisplacement"},{"portsOut":[{"name":"trigger"},{"value":1137,"name":"width"},{"value":363,"name":"height"}],"portsIn":[{"value":0,"name":"FPS Limit"},{"value":0,"name":"Reduce FPS loading"},{"value":true,"name":"Clear"},{"value":0,"name":"Fullscreen Button"},{"value":true,"name":"Active"},{"value":0,"name":"Hires Displays"}],"uiAttribs":{"title":"MainLoop","subPatch":0},"id":"e1098e14-c7eb-425c-b02f-434685aa3a30","objName":"Ops.Gl.MainLoop","name":"MainLoop"},{"portsOut":[{"name":"result"}],"portsIn":[{"value":0,"name":"exe"},{"value":32,"name":"value"}],"uiAttribs":{"title":"Scale Noise Value","subPatch":0},"id":"84b52d28-1040-4be8-9864-a5deb6e48f11","objName":"Ops.Deprecated.Value","name":"Scale Noise Value"},{"portsOut":[{"name":"trigger"},{"name":"texture_out"},{"value":1,"name":"Aspect Ratio"}],"portsIn":[{"links":[{"objOut":"84f14e59-cfb9-4d4c-95eb-f7f6c9b0cda8","objIn":"1896d051-96f1-4fec-85d4-26c1a7869f4f","portOut":"trigger 2","portIn":"render"}],"name":"render"},{"value":false,"name":"use viewport size"},{"value":128,"name":"width"},{"value":128,"name":"height"},{"value":"linear","name":"filter"},{"value":"clamp to edge","name":"wrap"},{"value":1,"name":"Background Alpha"},{"value":0,"name":"HDR"}],"uiAttribs":{"title":"image compose","warning":"","subPatch":0},"id":"1896d051-96f1-4fec-85d4-26c1a7869f4f","objName":"Ops.Gl.TextureEffects.ImageCompose","name":"image compose"},{"portsOut":[{"value":0,"name":"trigger"}],"portsIn":[{"links":[{"objOut":"1896d051-96f1-4fec-85d4-26c1a7869f4f","objIn":"ece70a36-6fd7-41fd-81ae-35a28ffefe8c","portOut":"trigger","portIn":"render"}],"name":"render"},{"value":"normal","name":"Blend Mode"},{"value":1,"name":"Amount"},{"value":1,"name":"Width"},{"value":2,"name":"Height"},{"value":7,"name":"Mul"},{"value":1,"name":"Time"}],"uiAttribs":{"title":"Plasma","subPatch":0},"id":"ece70a36-6fd7-41fd-81ae-35a28ffefe8c","objName":"Ops.Gl.TextureEffects.Plasma","name":"Plasma"},{"portsOut":[{"value":94.97200000000001,"name":"result"}],"portsIn":[{"value":null,"name":"exe"},{"value":1,"name":"Multiply"}],"uiAttribs":{"title":"RelativeTime","subPatch":0},"id":"fbb05398-ddbc-4244-8595-3acf4722340c","objName":"Ops.Anim.RelativeTime","name":"RelativeTime"}]}
