<?xml version="1.0" encoding="UTF-8"?>
<beans xmlns="http://www.springframework.org/schema/beans"
	xmlns:xsi="http://www.w3.org/2001/XMLSchema-instance" xmlns:p="http://www.springframework.org/schema/p"
	xmlns:aop="http://www.springframework.org/schema/aop" xmlns:context="http://www.springframework.org/schema/context"
	xmlns:jdbc="http://www.springframework.org/schema/jdbc" xmlns:task="http://www.springframework.org/schema/task"
	xsi:schemaLocation="http://www.springframework.org/schema/beans
	http://www.springframework.org/schema/beans/spring-beans.xsd
	http://www.springframework.org/schema/context
	http://www.springframework.org/schema/context/spring-context.xsd
	http://www.springframework.org/schema/jdbc  
    http://www.springframework.org/schema/jdbc/spring-jdbc-3.0.xsd
	http://www.springframework.org/schema/aop
	http://www.springframework.org/schema/aop/spring-aop.xsd	
	http://www.springframework.org/schema/task
	http://www.springframework.org/schema/task/spring-task-3.0.xsd">

	<context:annotation-config />
	
	<context:component-scan base-package="org.bcos" />

	<task:annotation-driven />

	<bean
		class="org.springframework.beans.factory.config.PropertyPlaceholderConfigurer">
		<property name="locations" value="classpath:db.properties" />
	</bean>

	<bean class="org.mybatis.spring.mapper.MapperScannerConfigurer">
		<property name="basePackage" value="org.bcos.depot.mapper" />
	</bean>

	<bean id="sqlSessionFactory" class="org.mybatis.spring.SqlSessionFactoryBean">
		<property name="dataSource" ref="dataSource" />
		<property name="mapperLocations" value="classpath:/mappers/*.xml" />
	</bean>

	<bean id="dataSource"
		class="org.springframework.jdbc.datasource.DriverManagerDataSource">
		<property name="driverClassName" value="com.mysql.jdbc.Driver" />
		<property name="url"
			value="jdbc:mysql://${db.ip}:${db.port}/${db.database}?characterEncoding=UTF-8&amp;zeroDateTimeBehavior=convertToNull" />
		<property name="username" value="${db.user}" />
		<property name="password" value="${db.password}" />
	</bean>
	<bean id="channelService" class="org.bcos.channel.client.Service">
		<property name="orgID" value="WB" />
		<property name="allChannelConnections">
			<map>
				<entry key="WB">
					<bean class="org.bcos.channel.handler.ChannelConnections">
						<property name="connectionsStr">
							<list>
								<value>depot@10.107.105.18:22262</value>
							</list>
						</property>
					</bean>
				</entry>
			</map>
		</property>
	</bean>

</beans>