<?xml version="1.0" encoding="UTF-8" ?>
<beans xmlns="http://www.springframework.org/schema/beans"
       xmlns:xsi="http://www.w3.org/2001/XMLSchema-instance"
       xsi:schemaLocation="http://www.springframework.org/schema/beans
       http://www.springframework.org/schema/beans/spring-beans-4.0.xsd">

    <!-- 引入数据库配置文件 -->
    <bean id="propertyConfigurer" class="org.springframework.beans.factory.config.PropertyPlaceholderConfigurer">
        <property name="locations">
            <list>
                <value>classpath:jdbc.properties</value>
            </list>
        </property>
    </bean>

    <!--数据源配置-mysql-->
    <bean id="daSource" class="org.apache.commons.dbcp.BasicDataSource">
        <!--连接驱动类-->
        <property name="driverClassName" value="${jdbc_driverClassName}"/>
        <!--数据库地址-->
        <property name="url" value="${jdbc_url}"/>
        <!--数据库连接用户名-->
        <property name="username" value="${jdbc_username}"/>
        <!--数据库连接密码-->
        <property name="password" value="${jdbc_password}"/>

        <!--下面是连接池信息-->
        <!--连接池启动时创建的初始化连接数量-->
        <property name="initialSize" value="${jdbc_initialSize}"/>
        <!--数据库最大连接数-->
        <property name="maxActive" value="${jdbc_maxActive}"/>
        <!--最小空闲连接-->
        <property name="minIdle" value="${jdbc_minIdle}"/>
        <!--最大空闲连接-->
        <property name="maxIdle" value="${jdbc_maxIdle}"/>
        <!--最大等待时间-->
        <property name="maxWait" value="${jdbc_maxWait}"/>
    </bean>

    <!--配置sqlSessionFactory-->
    <bean id="sqlSessionFactory" class="org.mybatis.spring.SqlSessionFactoryBean">
        <!-- 注入数据库连接池 -->
        <property name="dataSource" ref="daSource"/>
        <!--配置mybatis基本设置-->
        <property name="configLocation" value="classpath:mybatis/mybatis-config.xml"/>
        <!--扫描实体包，允许别名-->
        <property name="typeAliasesPackage" value="org.bcos.browser.dto"/>
        <!-- 扫描sql配置文件:mapper需要的xml文件 -->
        <property name="mapperLocations" value="classpath:mappers/*.xml" />
    </bean>

    <bean class="org.mybatis.spring.mapper.MapperScannerConfigurer">
        <property name="basePackage"  value="org.bcos.browser.mapper" />
        <property name="sqlSessionFactoryBeanName" value="sqlSessionFactory" />
    </bean>
</beans>