{
  "rootUrl": "/",
  "header": {
    "links": [
      {
        "url": "#introduction",
        "title": "introduction"
      },
      {
        "url": "#project",
        "title": "project"
      },
      {
        "url": "#structure",
        "title": "structure"
      },
      {
        "url": "#team",
        "title": "team"
      },
      {
        "url": "#get-involved",
        "title": "get involved"
      },
      {
        "url": "#events",
        "title": "events"
      },
      {
        "url": "#blog",
        "title": "blog"
      }
    ]
  },
  "footer": {
    "links": [
      {
        "url": "https://truebit.io",
        "title": "Truebit"
      },
      {
        "url": "https://medium.com/artproject-truebit",
        "title": "Medium"
      },
      {
        "url": "https://t.me/cryptoartproject",
        "title": "Telegram"
      },
      {
        "url": "",
        "title": "Newsletter"
      },
      {
        "url": "https://truebit.io/artproject.pdf",
        "title": "Project Proposal"
      },
      {
        "url": "https://medium.com/truebit/maker-space-workshop-hardware-art-bounty-at-ethdenver-92912284598d",
        "title": "SF Makeathon"
      },
      {
        "url": "",
        "title": "Collaborator Guidelines"
      },
      {
        "url": "",
        "title": "FAQ"
      }
    ]
  }
}
