{
  "connections": [
    {
      "endPoint": "https://api.etherscan.io",
      "api_key": "D8YAEQ3V4THAPDA9YSB1YGA1QY9KAMHY6M",
      "type": "etherscan"
    },
    {
      "endPoint": "https://mainnet.infura.io",
      "type": "node"
    },
    {
      "endPoint": "https://api.mycryptoapi.com/eth",
      "type": "node"
    },
    {
      "endPoint": "https://mew.giveth.io/",
      "type": "node"
    }
  ],
  "api_usd": "https://api.coinmarketcap.com",
  "tokens": {
    "ETH": {
      "name": "Ethereum",
      "symbol": "ETH",
      "address": "0xeeeeeeeeeeeeeeeeeeeeeeeeeeeeeeeeeeeeeeee",
      "decimal": 18,
      "usd_id":"ethereum"
    },
    "KNC": {
      "name": "KyberNetwork",
      "symbol": "KNC",
      "address": "0xdd974d5c2e2928dea5f71b9825b8b646686bd200",
      "decimal": 18,
      "usd_id":"kyber-network"
    },
    "OMG": {
      "name": "OmiseGO",
      "symbol": "OMG",
      "address": "0xd26114cd6ee289accf82350c8d8487fedb8a0c07",
      "decimal": 18,
      "usd_id":"omisego"
    },
    "EOS": {
      "name": "Eos",
      "symbol": "EOS",
      "address": "0x86fa049857e0209aa7d9e616f7eb3b3b78ecfdb0",
      "decimal": 18,
      "usd_id":"eos"
    },
    "SNT": {
      "name":"Status",
      "address": "0x744d70fdbe2ba4cf95131626614a1763df805b9e",
      "symbol": "SNT",
      "decimal": 18,
      "usd_id":"status"
    },
    "ELF": {
      "name":"Aelf",
      "address": "0xbf2179859fc6d5bee9bf9158632dc51678a4100e",
      "symbol": "ELF",
      "decimal": 18,
      "usd_id":"aelf"
    },
    "POWR": {
      "name":"Power Ledger",
      "address": "0x595832f8fc6bf59c85c527fec3740a1b7a361269",
      "symbol": "POWR",
      "decimal": 6,
      "usd_id":"power-ledger"
    },
    "MANA": {
      "name":"Mana",
      "address": "0x0f5d2fb29fb7d3cfee444a200298f468908cc942",
      "symbol": "MANA",
      "decimal": 18,
      "usd_id":"decentraland"
    },
    "BAT": {
      "name":"Basic Attention Token",
      "address": "0x0d8775f648430679a709e98d2b0cb6250d2887ef",
      "symbol": "BAT",
      "decimal": 18,
      "usd_id":"basic-attention-token"
    },
    "REQ": {
      "name":"Request",
      "address": "0x8f8221afbb33998d8584a2b05749ba73c37a938a",
      "symbol": "REQ",
      "decimal": 18,
      "usd_id":"request-network"
    },
    "GTO": {
      "name":"Gifto",
      "address": "0xc5bbae50781be1669306b9e001eff57a2957b09d",
      "symbol": "GTO",
      "decimal": 5,
      "usd_id":"gifto"
    },
    "RDN": {
      "name":"Raiden",
      "address": "0x255aa6df07540cb5d3d297f0d0d4d84cb52bc8e6",
      "symbol": "RDN",
      "decimal": 18,
      "usd_id":"raiden-network-token"
    },
    "APPC": {
      "name":"AppCoins",
      "address": "0x1a7a8bd9106f2b8d977e08582dc7d24c723ab0db",
      "symbol": "APPC",
      "decimal": 18,
      "usd_id":"appcoins"
    },
    "ENG": {
      "name":"Enigma",
      "address": "0xf0ee6b27b759c9893ce4f094b49ad28fd15a23e4",
      "symbol": "ENG",
      "decimal": 8,
      "usd_id":"enigma-project"
    },
    "SALT": {
      "name":"Salt",
      "address": "0x4156d3342d5c385a87d264f90653733592000581",
      "symbol": "SALT",
      "decimal": 8,
      "usd_id":"salt"
    }
  },
  "reserve": "0x2c5a182d280eeb5824377b98cd74871f78d6b8bc",
  "network": "0xd2d21fdef0d054d2864ce328cc56d1238d6b239e",
  "wrapper": "0x865aa8818615ba9dfa8bcb6a1432b0fc506dbd58",
  "trade_topic": "0x1849bd6a030a1bca28b83437fd3de96f3d27a5d172fa7e9c78e7b61468928a39",
  "averageBlockTime": 15000,
  "gasstation_endpoint": "https://ethgasstation.info/json/ethgasAPI.json"
}
