{
    "author": "Kang Li<likang@ict.ac.cn>",
    "description": "This is a book created by likang",
    "extension": null,
    "generator": "site",
    "links": {
        "sharing": {
            "all": null,
            "facebook": null,
            "google": null,
            "twitter": null,
            "weibo": null
        },
        "sidebar": {
            "Kang Li's Website": "http://www.iethpay.com"
        }
    },
    "output": null,
    "pdf": {
        "fontSize": 12,
        "footerTemplate": null,
        "headerTemplate": null,
        "margin": {
            "bottom": 36,
            "left": 62,
            "right": 62,
            "top": 36
        },
        "pageNumbers": false,
        "paperSize": "a4"
    },
    "plugins": [],
    "title": "chain-learn",
    "variables": {}
}
