<?xml version="1.0" encoding="UTF-8"?>

<!DOCTYPE beans
    PUBLIC "-//SPRING//DTD BEAN//EN"
           "http://www.springframework.org/dtd/spring-beans.dtd">

<beans>

    <bean id="beanRefFactory"
         class="org.springframework.context.support.ClassPathXmlApplicationContext">
        <constructor-arg>
           <list>
                <value>applicationContext.xml</value>
                <value>applicationContext-export-remoteServices.xml</value>
                <value>applicationContext-server.xml</value>
           </list>
        </constructor-arg>
    </bean>
    <!-- beanRefFactoryEjbXml merge-point -->
    
</beans>