<?xml version="1.0" encoding="UTF-8"?>
<esper-configuration xmlns:xsi="http://www.w3.org/2001/XMLSchema-instance"
    xmlns="http://www.espertech.com/schema/esper"
    xsi:schemaLocation="http://www.espertech.com/schema/esper/esper-configuration-4-0.xsd">

	<!--  entities -->	
	<event-type name="MarketDataEvent" class="com.algoTrader.entity.marketData.MarketDataEvent"/>
	<event-type name="Tick" class="com.algoTrader.entity.marketData.Tick">
		<legacy-type accessor-style="javabean" code-generation="enabled" property-resolution-style="case_sensitive" factory-method="com.algoTrader.entity.marketData.Tick$Factory.newInstance"/>
	</event-type>
	<event-type name="Bar" class="com.algoTrader.entity.marketData.Bar"/>
	<event-type name="Bid" class="com.algoTrader.entity.marketData.Bid"/>
	<event-type name="Ask" class="com.algoTrader.entity.marketData.Ask"/>
	<event-type name="Trade" class="com.algoTrader.entity.marketData.Trade"/>

	<event-type name="GenericOrder" class="com.algoTrader.entity.trade.Order"/>
	<event-type name="OrderStatus" class="com.algoTrader.entity.trade.OrderStatus">
		<legacy-type accessor-style="javabean" code-generation="enabled" property-resolution-style="case_sensitive" factory-method="com.algoTrader.entity.trade.OrderStatus$Factory.newInstance"/>
	</event-type>
	<event-type name="Fill" class="com.algoTrader.entity.trade.Fill">
		<legacy-type accessor-style="javabean" code-generation="enabled" property-resolution-style="case_sensitive"  factory-method="com.algoTrader.entity.trade.Fill$Factory.newInstance"/>
	</event-type>
	<event-type name="Transaction" class="com.algoTrader.entity.Transaction"/>

	<!-- value objects -->	
	<event-type name="RawTick" class="com.algoTrader.vo.RawTickVO"/>
	<event-type name="BarVO" class="com.algoTrader.vo.BarVO"/>

	<event-type name="SubscribeTickEvent" class="com.algoTrader.vo.SubscribeTickVO"/>
	<event-type name="UnsubscribeTickEvent" class="com.algoTrader.vo.UnsubscribeTickVO"/>
	
	<event-type name="MonthlyPerformance" class="com.algoTrader.vo.MonthlyPerformanceVO"/>
	<event-type name="PerformanceKeys" class="com.algoTrader.vo.PerformanceKeysVO"/>	
	<event-type name="MaxDrawDown" class="com.algoTrader.vo.MaxDrawDownVO"/>
	
	<!--  IB Event Types -->	
	<event-type name="IBExecDetails" class="com.algoTrader.vo.ib.ExecDetails"/>
	<event-type name="IBOpenOrder" class="com.algoTrader.vo.ib.OpenOrder"/>
	<event-type name="IBOrderStatus" class="com.algoTrader.vo.ib.OrderStatus"/>
	
	<event-type name="IBTickPrice" class="com.algoTrader.vo.ib.TickPrice"/>
	<event-type name="IBTickGeneric" class="com.algoTrader.vo.ib.TickGeneric"/>
	<event-type name="IBTickSize" class="com.algoTrader.vo.ib.TickSize"/>
	<event-type name="IBTickString" class="com.algoTrader.vo.ib.TickString"/>
	<event-type name="IBTickOptionComputation" class="com.algoTrader.vo.ib.TickOptionComputation"/>
	
	<event-type name="IBExecution" class="com.ib.client.Execution">
		<legacy-type accessor-style="public" code-generation="disabled" property-resolution-style="case_sensitive"/>
	</event-type>

	<event-type name="IBOrder" class="com.ib.client.Order">
		<legacy-type accessor-style="public" code-generation="disabled" property-resolution-style="case_sensitive"/>
	</event-type>
		
	<event-type name="IBOrderState" class="com.ib.client.OrderState">
		<legacy-type accessor-style="public" code-generation="disabled" property-resolution-style="case_sensitive"/>
	</event-type>
		
	<auto-import import-name="com.algoTrader.enumeration.TransactionType"/>
	<auto-import import-name="com.algoTrader.enumeration.Side"/>
	<auto-import import-name="com.algoTrader.enumeration.Status"/>
	<auto-import import-name="com.algoTrader.enumeration.OptionType"/>
		
	<auto-import import-name="com.algoTrader.util.LookupUtil"/>
	<auto-import import-name="com.algoTrader.util.RoundUtil"/>
	<auto-import import-name="com.algoTrader.util.DrawDownUtil"/>
	<auto-import import-name="com.algoTrader.util.DateUtil"/>
	<auto-import import-name="com.algoTrader.util.MarketDataUtil"/>
	<auto-import import-name="com.algoTrader.util.OrderUtil"/>
	<auto-import import-name="com.algoTrader.esper.annotation.*"/>

	<auto-import import-name="com.algoTrader.service.ib.IBUtil"/>
	<auto-import import-name="com.ib.client.TickType"/>

	<auto-import import-name="java.lang.*"/>
	<auto-import import-name="java.math.*"/>
	<auto-import import-name="java.text.*"/>
	<auto-import import-name="java.util.*"/>	
	
	<plugin-view factory-class="com.espertech.esper.ohlc.OHLCBarPlugInViewFactory" name="ohlcbar" namespace="custom"/>	

	<variable name="simulation" type="boolean"/>
	<variable name="simulation_eventsPerDay" type="long"/>	
	<variable name="marketIntrest" type="double"/>	
	
	<variable name="engineStrategy" type="com.algoTrader.entity.Strategy"/>
		
	<engine-settings>
		<defaults>
			<threading>
				<internal-timer enabled="false" msec-resolution="100"/>
			</threading>
			<expression udf-cache="false"/>
			<execution prioritized="true"/>			
		</defaults>
	</engine-settings>

</esper-configuration>
