[
   {
      "constant":true,
      "inputs":[

      ],
      "name":"finalBlock",
      "outputs":[
         {
            "name":"",
            "type":"uint256"
         }
      ],
      "payable":false,
      "type":"function"
   },
   {
      "constant":false,
      "inputs":[

      ],
      "name":"withdraw",
      "outputs":[

      ],
      "payable":false,
      "type":"function"
   },
   {
      "constant":true,
      "inputs":[

      ],
      "name":"multisig",
      "outputs":[
         {
            "name":"",
            "type":"address"
         }
      ],
      "payable":false,
      "type":"function"
   },
   {
      "constant":true,
      "inputs":[

      ],
      "name":"tokenSale",
      "outputs":[
         {
            "name":"",
            "type":"address"
         }
      ],
      "payable":false,
      "type":"function"
   },
   {
      "inputs":[
         {
            "name":"_multisig",
            "type":"address"
         },
         {
            "name":"_finalBlock",
            "type":"uint256"
         },
         {
            "name":"_tokenSale",
            "type":"address"
         }
      ],
      "payable":false,
      "type":"constructor"
   },
   {
      "payable":true,
      "type":"fallback"
   }
]
