[
   {
      "constant":true,
      "inputs":[

      ],
      "name":"accept",
      "outputs":[
         {
            "name":"",
            "type":"bool"
         }
      ],
      "payable":false,
      "type":"function"
   },
   {
      "constant":false,
      "inputs":[

      ],
      "name":"Open",
      "outputs":[

      ],
      "payable":false,
      "type":"function"
   },
   {
      "constant":false,
      "inputs":[
         {
            "name":"proposed_destination",
            "type":"address"
         }
      ],
      "name":"Close",
      "outputs":[

      ],
      "payable":false,
      "type":"function"
   },
   {
      "constant":false,
      "inputs":[
         {
            "name":"proposed_destination",
            "type":"address"
         },
         {
            "name":"proposed_amount",
            "type":"uint256"
         }
      ],
      "name":"Withdraw",
      "outputs":[

      ],
      "payable":false,
      "type":"function"
   },
   {
      "constant":false,
      "inputs":[
         {
            "name":"tezos_pkh_and_chksum",
            "type":"bytes24"
         }
      ],
      "name":"Contribute",
      "outputs":[

      ],
      "payable":true,
      "type":"function"
   },
   {
      "inputs":[
         {
            "name":"init_signer1",
            "type":"address"
         },
         {
            "name":"init_signer2",
            "type":"address"
         }
      ],
      "payable":false,
      "type":"constructor"
   },
   {
      "payable":false,
      "type":"fallback"
   },
   {
      "anonymous":false,
      "inputs":[
         {
            "indexed":false,
            "name":"tezos_pk_hash",
            "type":"bytes20"
         },
         {
            "indexed":false,
            "name":"amount",
            "type":"uint256"
         }
      ],
      "name":"Deposit",
      "type":"event"
   }
]
