<?xml version="1.0" encoding="UTF-8"?>
<!DOCTYPE module PUBLIC "-//Puppy Crawl//DTD Check Configuration 1.3//EN" "http://www.puppycrawl.com/dtds/configuration_1_3.dtd">

<!--
    This configuration file was written by the eclipse-cs plugin configuration editor
-->
<!--
    Checkstyle-Configuration: AlgoTrader
    Description: 
Slightly modified version of Sun Checks that better matches the default code formatter setting of Eclipse.
-->
<module name="Checker">
  <property name="severity" value="warning"/>
  <module name="TreeWalker">
    <property name="tabWidth" value="4"/>
    <module name="JavadocMethod">
      <property name="severity" value="ignore"/>
      <property name="suppressLoadErrors" value="true"/>
      <metadata name="net.sf.eclipsecs.core.lastEnabledSeverity" value="inherit"/>
    </module>
    <module name="JavadocType">
      <property name="severity" value="ignore"/>
      <metadata name="net.sf.eclipsecs.core.lastEnabledSeverity" value="inherit"/>
    </module>
    <module name="JavadocVariable">
      <property name="severity" value="ignore"/>
      <metadata name="net.sf.eclipsecs.core.lastEnabledSeverity" value="inherit"/>
    </module>
    <module name="JavadocStyle">
      <property name="severity" value="ignore"/>
      <metadata name="net.sf.eclipsecs.core.lastEnabledSeverity" value="inherit"/>
    </module>
    <module name="ConstantName"/>
    <module name="LocalFinalVariableName"/>
    <module name="LocalVariableName"/>
    <module name="MemberName"/>
    <module name="MethodName"/>
    <module name="PackageName"/>
    <module name="ParameterName"/>
    <module name="StaticVariableName"/>
    <module name="TypeName"/>
    <module name="AvoidStarImport"/>
    <module name="IllegalImport"/>
    <module name="RedundantImport"/>
    <module name="UnusedImports"/>
    <module name="LineLength">
      <property name="max" value="160"/>
    </module>
    <module name="MethodLength"/>
    <module name="ParameterNumber">
      <property name="severity" value="ignore"/>
      <metadata name="net.sf.eclipsecs.core.lastEnabledSeverity" value="inherit"/>
    </module>
    <module name="EmptyForIteratorPad"/>
    <module name="MethodParamPad"/>
    <module name="NoWhitespaceAfter">
      <property name="tokens" value="BNOT,DEC,DOT,INC,LNOT,UNARY_MINUS,UNARY_PLUS"/>
    </module>
    <module name="NoWhitespaceBefore"/>
    <module name="OperatorWrap"/>
    <module name="ParenPad"/>
    <module name="TypecastParenPad"/>
    <module name="WhitespaceAfter">
      <property name="tokens" value="COMMA,SEMI"/>
    </module>
    <module name="WhitespaceAround"/>
    <module name="ModifierOrder"/>
    <module name="RedundantModifier"/>
    <module name="AvoidNestedBlocks"/>
    <module name="EmptyBlock"/>
    <module name="LeftCurly"/>
    <module name="NeedBraces"/>
    <module name="RightCurly"/>
    <module name="DoubleCheckedLocking"/>
    <module name="EmptyStatement"/>
    <module name="EqualsHashCode"/>
    <module name="IllegalInstantiation"/>
    <module name="InnerAssignment"/>
    <module name="MissingSwitchDefault"/>
    <module name="RedundantThrows">
      <property name="suppressLoadErrors" value="true"/>
    </module>
    <module name="SimplifyBooleanExpression"/>
    <module name="SimplifyBooleanReturn"/>
    <module name="FinalClass"/>
    <module name="InterfaceIsType"/>
    <module name="VisibilityModifier"/>
    <module name="ArrayTypeStyle"/>
    <module name="TodoComment"/>
    <module name="UpperEll"/>
    <module name="Indentation"/>
    <module name="BooleanExpressionComplexity"/>
    <module name="ClassDataAbstractionCoupling"/>
    <module name="ClassFanOutComplexity"/>
    <module name="CyclomaticComplexity"/>
    <module name="JavaNCSS"/>
    <module name="NPathComplexity"/>
    <!--<module name="InnerTypeLast"/>-->
    <module name="ThrowsCount">
      <property name="max" value="3"/>
    </module>
    <module name="DeclarationOrder"/>
    <module name="EqualsAvoidNull"/>
    <module name="ExplicitInitialization"/>
    <module name="FallThrough"/>
    <module name="IllegalThrows"/>
    <module name="ModifiedControlVariable"/>
    <module name="MultipleStringLiterals">
      <property name="allowedDuplicates" value="3"/>
    </module>
    <module name="MultipleVariableDeclarations"/>
    <module name="NoClone"/>
    <module name="PackageDeclaration"/>
    <module name="ParameterAssignment"/>
    <module name="StringLiteralEquality"/>
    <module name="SuperClone"/>
    <module name="SuperFinalize"/>
    <module name="UnnecessaryParentheses"/>
    <!--<module name="OneStatementPerLine"/>-->
  </module>
  <module name="JavadocPackage">
    <property name="severity" value="ignore"/>
    <metadata name="net.sf.eclipsecs.core.lastEnabledSeverity" value="inherit"/>
  </module>
  <module name="FileLength"/>
  <module name="RegexpSingleline">
    <property name="severity" value="ignore"/>
    <property name="format" value="\s+$"/>
    <property name="message" value="Line has trailing spaces."/>
    <metadata name="net.sf.eclipsecs.core.lastEnabledSeverity" value="inherit"/>
  </module>
  <module name="StrictDuplicateCode"/>
</module>
