<?xml version="1.0" encoding="UTF-8" ?>
<!DOCTYPE mapper PUBLIC "-//mybatis.org//DTD Mapper 3.0//EN" "http://mybatis.org/dtd/mybatis-3-mapper.dtd" >
<mapper namespace="io.nuls.db.dao.impl.mybatis.mapper.AliasMapper" >
  <resultMap id="BaseResultMap" type="io.nuls.db.entity.AliasPo" >
    <id column="alias" property="alias" jdbcType="VARCHAR" />
    <result column="address" property="address" jdbcType="VARCHAR" />
    <result column="status" property="status" jdbcType="INTEGER" />
  </resultMap>

  <sql id="Base_Column_List" >
    alias, address, status
  </sql>

  <select id="selectByPrimaryKey" resultMap="BaseResultMap" parameterType="java.lang.String" >
    select
    <include refid="Base_Column_List" />
    from alias
    where alias = #{alias,jdbcType=VARCHAR}
  </select>

  <delete id="deleteByPrimaryKey" parameterType="java.lang.String" >
    delete from alias
    where alias = #{alias,jdbcType=VARCHAR}
  </delete>

  <insert id="insert" parameterType="io.nuls.db.entity.AliasPo" >
    insert into alias (alias, address, status)
    values (#{alias,jdbcType=VARCHAR}, #{address,jdbcType=VARCHAR}, #{status,jdbcType=INTEGER})
  </insert>

  <update id="updateByPrimaryKey" parameterType="io.nuls.db.entity.AliasPo" >
    update alias
    set address = #{address,jdbcType=VARCHAR},status = #{status,jdbcType=INTEGER}
    where alias = #{alias,jdbcType=VARCHAR}
  </update>

  <select id="getByAddress" resultMap="BaseResultMap">
    select
    <include refid="Base_Column_List" />
    from alias
    where address = #{address,jdbcType=VARCHAR}
  </select>
</mapper>