<?xml version="1.0" encoding="UTF-8"?>
<!DOCTYPE mapper PUBLIC "-//mybatis.org//DTD Mapper 3.0//EN" "http://mybatis.org/dtd/mybatis-3-mapper.dtd">
<mapper namespace="io.nuls.db.dao.impl.mybatis.mapper.DelegateAccountMapper">
  <resultMap id="BaseResultMap" type="io.nuls.db.entity.DelegateAccountPo">
    <!--
      WARNING - @mbg.generated
      This element is automatically generated by MyBatis Generator, do not modify.
    -->
    <id column="id" jdbcType="VARCHAR" property="id" />
    <result column="address" jdbcType="VARCHAR" property="address" />
    <result column="node_address" jdbcType="VARCHAR" property="nodeAddress" />
    <result column="deposit" jdbcType="BIGINT" property="deposit" />
    <result column="remark" jdbcType="VARCHAR" property="remark" />
    <result column="start_time" jdbcType="BIGINT" property="startTime" />
    <result column="status" jdbcType="INTEGER" property="status" />
    <result column="commission_rate" jdbcType="NUMERIC" property="commissionRate" />
  </resultMap>
  <sql id="Base_Column_List">
    <!--
      WARNING - @mbg.generated
      This element is automatically generated by MyBatis Generator, do not modify.
    -->
    id, address, node_address, deposit, remark,start_time,commission_rate,status
  </sql>
  <select id="selectByPrimaryKey" parameterType="java.lang.String" resultMap="BaseResultMap">
    <!--
      WARNING - @mbg.generated
      This element is automatically generated by MyBatis Generator, do not modify.
    -->
    select
    <include refid="Base_Column_List" />
    from delegate_account
    where id = #{id,jdbcType=VARCHAR}
  </select>
  <delete id="deleteByPrimaryKey" parameterType="java.lang.String">
    <!--
      WARNING - @mbg.generated
      This element is automatically generated by MyBatis Generator, do not modify.
    -->
    delete from delegate_account
    where id = #{id,jdbcType=VARCHAR}
  </delete>
  <insert id="insert" parameterType="io.nuls.db.entity.DelegateAccountPo">
    <!--
      WARNING - @mbg.generated
      This element is automatically generated by MyBatis Generator, do not modify.
    -->
    insert into delegate_account (id, address, node_address,
    deposit,commission_rate, remark,start_time,status)
    values (#{id,jdbcType=VARCHAR}, #{address,jdbcType=VARCHAR}, #{nodeAddress,jdbcType=VARCHAR},
    #{deposit,jdbcType=BIGINT},#{commissionRate,jdbcType=NUMERIC},#{remark,jdbcType=VARCHAR},#{startTime,jdbcType=BIGINT},#{status,jdbcType=INTEGER})
  </insert>
  <insert id="insertSelective" parameterType="io.nuls.db.entity.DelegateAccountPo">
    <!--
      WARNING - @mbg.generated
      This element is automatically generated by MyBatis Generator, do not modify.
    -->
    insert into delegate_account
    <trim prefix="(" suffix=")" suffixOverrides=",">
      <if test="id != null">
        id,
      </if>
      <if test="address != null">
        address,
      </if>
      <if test="nodeAddress != null">
        node_address,
      </if>
      <if test="deposit != null">
        deposit,
      </if>
      <if test="remark != null">
        remark,
      </if>
      <if test="commissionRate != null">
        commission_rate,
      </if>
      <if test="startTime != null">
        start_time,
      </if>
      <if test="status != null">
        status,
      </if>
    </trim>
    <trim prefix="values (" suffix=")" suffixOverrides=",">
      <if test="id != null">
        #{id,jdbcType=VARCHAR},
      </if>
      <if test="address != null">
        #{address,jdbcType=VARCHAR},
      </if>
      <if test="nodeAddress != null">
        #{nodeAddress,jdbcType=VARCHAR},
      </if>
      <if test="deposit != null">
        #{deposit,jdbcType=BIGINT},
      </if>
      <if test="remark != null">
        #{remark,jdbcType=VARCHAR},
      </if>
      <if test="commissionRate != null">
        #{commissionRate,jdbcType=NUMERIC},
      </if>
      <if test="startTime != null">
        #{startTime,jdbcType=BIGINT},
      </if>
      <if test="status != null">
        #{status,jdbcType=INTEGER},
      </if>
    </trim>
  </insert>
  <update id="updateByPrimaryKeySelective" parameterType="io.nuls.db.entity.DelegateAccountPo">
    <!--
      WARNING - @mbg.generated
      This element is automatically generated by MyBatis Generator, do not modify.
    -->
    update delegate_account
    <set>
      <if test="address != null">
        address = #{address,jdbcType=VARCHAR},
      </if>
      <if test="nodeAddress != null">
        node_address = #{nodeAddress,jdbcType=VARCHAR},
      </if>
      <if test="deposit != null">
        deposit = #{deposit,jdbcType=BIGINT},
      </if>
      <if test="remark != null">
        remark = #{remark,jdbcType=VARCHAR},
      </if>
      <if test="commissionRate != null">
        commission_rate=#{commissionRate,jdbcType=NUMERIC},
      </if>
      <if test="startTime != null">
        start_time = #{startTime,jdbcType=BIGINT},
      </if>
      <if test="status != null">
        status = #{status,jdbcType=INTEGER},
      </if>
    </set>
    where id = #{id,jdbcType=VARCHAR}
  </update>
  <update id="updateByPrimaryKey" parameterType="io.nuls.db.entity.DelegateAccountPo">
    <!--
      WARNING - @mbg.generated
      This element is automatically generated by MyBatis Generator, do not modify.
    -->
    update delegate_account
    set address = #{address,jdbcType=VARCHAR},
    node_address = #{nodeAddress,jdbcType=VARCHAR},
    deposit = #{deposit,jdbcType=BIGINT},
    remark = #{remark,jdbcType=VARCHAR}, commission_rate=#{commissionRate,jdbcType=NUMERIC},start_time = #{startTime,jdbcType=BIGINT},
    status = #{status,jdbcType=INTEGER}
    where id = #{id,jdbcType=VARCHAR}
  </update>

  <insert id="batchInsert" parameterType="java.util.List">
    insert into delegate_account (id, address, node_address,
    deposit, remark,start_time,commission_rate,status)
    values
    <foreach collection="list" item="item" index="index" separator=",">
      (#{item.id,jdbcType=VARCHAR}, #{item.address,jdbcType=VARCHAR}, #{item.nodeAddress,jdbcType=VARCHAR},
      #{item.deposit,jdbcType=BIGINT}, #{item.remark,jdbcType=VARCHAR}),#{item.startTime,jdbcType=BIGINT},#{item.commissionRate,jdbcType=NUMERIC},
      #{item.status,jdbcType=INTEGER}
    </foreach>
  </insert>

  <select id="countAll" resultType="java.lang.Long">
    <!--
      WARNING - @mbg.generated
      This element is automatically generated by MyBatis Generator, do not modify.
    -->
    select count(id) from delegate_account
  </select>

  <select id="selectList" parameterType="io.nuls.db.dao.impl.mybatis.util.Searchable" resultMap="BaseResultMap">
    select
    <include refid="Base_Column_List"/>
    from delegate_account
    <include refid="io.nuls.db.dao.impl.mybatis.common.CommonMapper.Search_Where"/>
  </select>
  <select id="selectCount" parameterType="io.nuls.db.dao.impl.mybatis.util.Searchable" resultType="java.lang.Long">
    select count(id) from delegate_account
    <include refid="io.nuls.db.dao.impl.mybatis.common.CommonMapper.Search_Where"/>
  </select>

</mapper>