<?xml version="1.0" encoding="UTF-8"?>
<!DOCTYPE mapper PUBLIC "-//mybatis.org//DTD Mapper 3.0//EN" "http://mybatis.org/dtd/mybatis-3-mapper.dtd">
<mapper namespace="io.nuls.db.dao.impl.mybatis.mapper.DelegateMapper">
  <resultMap id="BaseResultMap" type="io.nuls.db.entity.DelegatePo">
    <!--
      WARNING - @mbg.generated
      This element is automatically generated by MyBatis Generator, do not modify.
    -->
    <id column="id" jdbcType="VARCHAR" property="id" />
    <result column="address" jdbcType="VARCHAR" property="address" />
    <result column="agent_address" jdbcType="VARCHAR" property="agentAddress" />
    <result column="deposit" jdbcType="BIGINT" property="deposit" />
    <result column="status" jdbcType="INTEGER" property="status" />
    <result column="time" jdbcType="BIGINT" property="time" />
    <result column="block_height" jdbcType="BIGINT" property="blockHeight" />
  </resultMap>
  <sql id="Base_Column_List">
    <!--
      WARNING - @mbg.generated
      This element is automatically generated by MyBatis Generator, do not modify.
    -->
    id, address, agent_address, deposit, status, time, block_height
  </sql>
  <select id="selectByPrimaryKey" parameterType="java.lang.String" resultMap="BaseResultMap">
    <!--
      WARNING - @mbg.generated
      This element is automatically generated by MyBatis Generator, do not modify.
    -->
    select
    <include refid="Base_Column_List" />
    from delegate
    where id = #{id,jdbcType=VARCHAR}
  </select>
  <delete id="deleteByPrimaryKey" parameterType="java.lang.String">
    <!--
      WARNING - @mbg.generated
      This element is automatically generated by MyBatis Generator, do not modify.
    -->
    delete from delegate
    where id = #{id,jdbcType=VARCHAR}
  </delete>
  <delete id="deleteByAgentAddress" parameterType="java.lang.String">
    <!--
      WARNING - @mbg.generated
      This element is automatically generated by MyBatis Generator, do not modify.
    -->
    delete from delegate
    where agent_address = #{agentAddress,jdbcType=VARCHAR}
  </delete>
  <insert id="insert" parameterType="io.nuls.db.entity.DelegatePo">
    <!--
      WARNING - @mbg.generated
      This element is automatically generated by MyBatis Generator, do not modify.
    -->
    insert into delegate (id, address, agent_address,
    deposit, status, time,
    block_height)
    values (#{id,jdbcType=VARCHAR}, #{address,jdbcType=VARCHAR}, #{agentAddress,jdbcType=VARCHAR},
    #{deposit,jdbcType=BIGINT}, #{status,jdbcType=INTEGER}, #{time,jdbcType=BIGINT},
    #{blockHeight,jdbcType=BIGINT})
  </insert>
  <insert id="insertSelective" parameterType="io.nuls.db.entity.DelegatePo">
    <!--
      WARNING - @mbg.generated
      This element is automatically generated by MyBatis Generator, do not modify.
    -->
    insert into delegate
    <trim prefix="(" suffix=")" suffixOverrides=",">
      <if test="id != null">
        id,
      </if>
      <if test="address != null">
        address,
      </if>
      <if test="agentAddress != null">
        agent_address,
      </if>
      <if test="deposit != null">
        deposit,
      </if>
      <if test="status != null">
        status,
      </if>
      <if test="time != null">
        time,
      </if>
      <if test="blockHeight != null">
        block_height,
      </if>
    </trim>
    <trim prefix="values (" suffix=")" suffixOverrides=",">
      <if test="id != null">
        #{id,jdbcType=VARCHAR},
      </if>
      <if test="address != null">
        #{address,jdbcType=VARCHAR},
      </if>
      <if test="agentAddress != null">
        #{agentAddress,jdbcType=VARCHAR},
      </if>
      <if test="deposit != null">
        #{deposit,jdbcType=BIGINT},
      </if>
      <if test="status != null">
        #{status,jdbcType=INTEGER},
      </if>
      <if test="time != null">
        #{time,jdbcType=BIGINT},
      </if>
      <if test="blockHeight != null">
        #{blockHeight,jdbcType=BIGINT},
      </if>
    </trim>
  </insert>
  <update id="updateByPrimaryKeySelective" parameterType="io.nuls.db.entity.DelegatePo">
    <!--
      WARNING - @mbg.generated
      This element is automatically generated by MyBatis Generator, do not modify.
    -->
    update delegate
    <set>
      <if test="address != null">
        address = #{address,jdbcType=VARCHAR},
      </if>
      <if test="agentAddress != null">
        agent_address = #{agentAddress,jdbcType=VARCHAR},
      </if>
      <if test="deposit != null">
        deposit = #{deposit,jdbcType=BIGINT},
      </if>
      <if test="status != null">
        status = #{status,jdbcType=INTEGER},
      </if>
      <if test="time != null">
        time = #{time,jdbcType=BIGINT},
      </if>
      <if test="blockHeight != null">
        block_height = #{blockHeight,jdbcType=BIGINT},
      </if>
    </set>
    where id = #{id,jdbcType=VARCHAR}
  </update>
  <update id="updateSelectiveByAgentAddress" parameterType="io.nuls.db.entity.DelegatePo">
    <!--
      WARNING - @mbg.generated
      This element is automatically generated by MyBatis Generator, do not modify.
    -->
    update delegate
    <set>
      <if test="address != null">
        address = #{address,jdbcType=VARCHAR},
      </if>
      <if test="agentAddress != null">
        agent_address = #{agentAddress,jdbcType=VARCHAR},
      </if>
      <if test="deposit != null">
        deposit = #{deposit,jdbcType=BIGINT},
      </if>
      <if test="status != null">
        status = #{status,jdbcType=INTEGER},
      </if>
      <if test="time != null">
        time = #{time,jdbcType=BIGINT},
      </if>
      <if test="blockHeight != null">
        block_height = #{blockHeight,jdbcType=BIGINT},
      </if>
    </set>
    where agent_address = #{agentAddress,jdbcType=VARCHAR}
  </update>
  <update id="updateByPrimaryKey" parameterType="io.nuls.db.entity.DelegatePo">
    <!--
      WARNING - @mbg.generated
      This element is automatically generated by MyBatis Generator, do not modify.
    -->
    update delegate
    set address = #{address,jdbcType=VARCHAR},
    agent_address = #{agentAddress,jdbcType=VARCHAR},
    deposit = #{deposit,jdbcType=BIGINT},
    status = #{status,jdbcType=INTEGER},
    time = #{time,jdbcType=BIGINT},
    block_height = #{blockHeight,jdbcType=BIGINT}
    where id = #{id,jdbcType=VARCHAR}
  </update>

  <insert id="batchInsert" parameterType="java.util.List">
    insert into delegate (id, address, agent_address,
    deposit, status, time,
    block_height)
    values
    <foreach collection="list" item="item" index="index" separator=",">
      (#{item.id,jdbcType=VARCHAR}, #{item.address,jdbcType=VARCHAR}, #{item.agentAddress,jdbcType=VARCHAR},
      #{item.deposit,jdbcType=BIGINT}, #{item.status,jdbcType=INTEGER}, #{item.time,jdbcType=BIGINT},
      #{item.blockHeight,jdbcType=BIGINT})
    </foreach>
  </insert>

  <select id="countAll" resultType="java.lang.Long">
    <!--
      WARNING - @mbg.generated
      This element is automatically generated by MyBatis Generator, do not modify.
    -->
    select count(id) from delegate
  </select>

  <select id="selectList" parameterType="io.nuls.db.dao.impl.mybatis.util.Searchable" resultMap="BaseResultMap">
    select
    <include refid="Base_Column_List"/>
    from delegate
    <include refid="io.nuls.db.dao.impl.mybatis.common.CommonMapper.Search_Where"/>
  </select>
  <select id="selectCount" parameterType="io.nuls.db.dao.impl.mybatis.util.Searchable" resultType="java.lang.Long">
    select count(id) from delegate
    <include refid="io.nuls.db.dao.impl.mybatis.common.CommonMapper.Search_Where"/>
  </select>

</mapper>