<?xml version="1.0" encoding="UTF-8"?>
<!DOCTYPE mapper PUBLIC "-//mybatis.org//DTD Mapper 3.0//EN" "http://mybatis.org/dtd/mybatis-3-mapper.dtd">
<mapper namespace="io.nuls.db.dao.impl.mybatis.mapper.NodeGroupRelationMapper">
    <resultMap id="BaseResultMap" type="io.nuls.db.entity.NodeGroupRelationPo">
        <!--
          WARNING - @mbg.generated
          This element is automatically generated by MyBatis Generator, do not modify.
        -->
        <id column="id" jdbcType="INTEGER" property="id"/>
        <result column="node_id" jdbcType="INTEGER" property="nodeId"/>
        <result column="group_id" jdbcType="INTEGER" property="groupId"/>
    </resultMap>
    <sql id="Base_Column_List">
        <!--
          WARNING - @mbg.generated
          This element is automatically generated by MyBatis Generator, do not modify.
        -->
        id, node_id, group_id
    </sql>
    <select id="selectByPrimaryKey" parameterType="java.lang.Integer" resultMap="BaseResultMap">
        <!--
          WARNING - @mbg.generated
          This element is automatically generated by MyBatis Generator, do not modify.
        -->
        select
        <include refid="Base_Column_List"/>
        from node_group_relation
        where id = #{id,jdbcType=INTEGER}
    </select>
    <delete id="deleteByPrimaryKey" parameterType="java.lang.Integer">
        <!--
          WARNING - @mbg.generated
          This element is automatically generated by MyBatis Generator, do not modify.
        -->
        delete from node_group_relation
        where id = #{id,jdbcType=INTEGER}
    </delete>
    <insert id="insert" parameterType="io.nuls.db.entity.NodeGroupRelationPo">
        <!--
          WARNING - @mbg.generated
          This element is automatically generated by MyBatis Generator, do not modify.
        -->
        insert into node_group_relation (id, node_id, group_id
        )
        values (#{id,jdbcType=INTEGER}, #{nodeId,jdbcType=INTEGER}, #{groupId,jdbcType=INTEGER} )
    </insert>
    <insert id="insertSelective" parameterType="io.nuls.db.entity.NodeGroupRelationPo">
        <!--
          WARNING - @mbg.generated
          This element is automatically generated by MyBatis Generator, do not modify.
        -->
        insert into node_group_relation
        <trim prefix="(" suffix=")" suffixOverrides=",">
            <if test="id != null">
                id,
            </if>
            <if test="nodeId != null">
                node_id,
            </if>
            <if test="groupId != null">
                group_id,
            </if>
        </trim>
        <trim prefix="values (" suffix=")" suffixOverrides=",">
            <if test="id != null">
                #{id,jdbcType=INTEGER},
            </if>
            <if test="nodeId != null">
                #{nodeId,jdbcType=INTEGER},
            </if>
            <if test="groupId != null">
                #{groupId,jdbcType=INTEGER},
            </if>
        </trim>
    </insert>
    <update id="updateByPrimaryKeySelective" parameterType="io.nuls.db.entity.NodeGroupRelationPo">
        <!--
          WARNING - @mbg.generated
          This element is automatically generated by MyBatis Generator, do not modify.
        -->
        update node_group_relation
        <set>
            <if test="nodeId != null">
                node_id = #{nodeId,jdbcType=INTEGER},
            </if>
            <if test="groupId != null">
                group_id = #{groupId,jdbcType=INTEGER},
            </if>
        </set>
        where id = #{id,jdbcType=INTEGER}
    </update>
    <update id="updateByPrimaryKey" parameterType="io.nuls.db.entity.NodeGroupRelationPo">
        <!--
          WARNING - @mbg.generated
          This element is automatically generated by MyBatis Generator, do not modify.
        -->
        update node_group_relation
        set node_id = #{nodeId,jdbcType=INTEGER},
        group_id = #{groupId,jdbcType=INTEGER}
        where id = #{id,jdbcType=INTEGER}
    </update>


    <insert id="batchInsert" parameterType="java.util.List">
        insert into node_group_relation (id, node_id, group_id)
        values
        <foreach collection="list" item="item" index="index" separator=",">
            (#{item.id,jdbcType=INTEGER}, #{item.nodeId,jdbcType=INTEGER}, #{item.groupId,jdbcType=INTEGER} )
        </foreach>
    </insert>
    <select id="countAll" resultType="java.lang.Long">
        <!--
          WARNING - @mbg.generated
          This element is automatically generated by MyBatis Generator, do not modify.
        -->
        select count(id) from node_group_relation
    </select>
    <select id="selectList" parameterType="io.nuls.db.dao.impl.mybatis.util.Searchable"
            resultMap="BaseResultMap">
        select
        <include refid="Base_Column_List"/>
        from node_group_relation
        <include refid="io.nuls.db.dao.impl.mybatis.common.CommonMapper.Search_Where"/>
    </select>
    <select id="selectCount" parameterType="io.nuls.db.dao.impl.mybatis.util.Searchable" resultType="java.lang.Long">
        select count(id) from node_group_relation
        <include refid="io.nuls.db.dao.impl.mybatis.common.CommonMapper.Search_Where"/>
    </select>
</mapper>