<?xml version="1.0" encoding="UTF-8"?>
<!DOCTYPE mapper PUBLIC "-//mybatis.org//DTD Mapper 3.0//EN" "http://mybatis.org/dtd/mybatis-3-mapper.dtd">
<mapper namespace="io.nuls.db.dao.impl.mybatis.mapper.NodeGroupMapper">
    <resultMap id="BaseResultMap" type="io.nuls.db.entity.NodeGroupPo">
        <!--
          WARNING - @mbg.generated
          This element is automatically generated by MyBatis Generator, do not modify.
        -->
        <id column="hid" jdbcType="INTEGER" property="hid"/>
        <result column="name" jdbcType="VARCHAR" property="name"/>
    </resultMap>
    <sql id="Base_Column_List">
        hid, name
    </sql>
    <select id="selectByPrimaryKey" parameterType="java.lang.Integer" resultMap="BaseResultMap">
        select
        <include refid="Base_Column_List"/>
        from node_group
        where hid = #{hid,jdbcType=INTEGER}
    </select>
    <delete id="deleteByPrimaryKey" parameterType="java.lang.Integer">
        delete from node_group
        where hid = #{hid,jdbcType=INTEGER}
    </delete>
    <insert id="insert" parameterType="io.nuls.db.entity.NodeGroupPo">
        insert into node_group (hid, name)
        values (#{hid,jdbcType=INTEGER}, #{name,jdbcType=VARCHAR}})
    </insert>
    <insert id="insertSelective" parameterType="io.nuls.db.entity.NodeGroupPo">
        insert into node_group
        <trim prefix="(" suffix=")" suffixOverrides=",">
            <if test="hid != null">
                hid,
            </if>
            <if test="name != null">
                name,
            </if>
        </trim>
        <trim prefix="values (" suffix=")" suffixOverrides=",">
            <if test="hid != null">
                #{hid,jdbcType=INTEGER},
            </if>
            <if test="name != null">
                #{name,jdbcType=VARCHAR},
            </if>
        </trim>
    </insert>
    <update id="updateByPrimaryKeySelective" parameterType="io.nuls.db.entity.NodeGroupPo">
        update node_group
        <set>
            <if test="name != null">
                name = #{name,jdbcType=VARCHAR},
            </if>
        </set>
        where hid = #{hid,jdbcType=INTEGER}
    </update>
    <update id="updateByPrimaryKey" parameterType="io.nuls.db.entity.NodeGroupPo">
        update node_group
        set name = #{name,jdbcType=VARCHAR}
        where hid = #{hid,jdbcType=INTEGER}
    </update>


    <insert id="batchInsert" parameterType="java.util.List">
        insert into node_group (hid, name)
        values
        <foreach collection="list" item="item" index="index" separator=",">
            (#{item.hid,jdbcType=INTEGER}, #{item.name,jdbcType=VARCHAR}
        </foreach>
    </insert>
    <select id="countAll" resultType="java.lang.Long">
        select count(hid) from node_group
    </select>
    <select id="selectList" parameterType="io.nuls.db.dao.impl.mybatis.util.Searchable"
            resultMap="BaseResultMap">
        select
        <include refid="Base_Column_List"/>
        from node_group
        <include refid="io.nuls.db.dao.impl.mybatis.common.CommonMapper.Search_Where"/>
    </select>
    <select id="selectCount" parameterType="io.nuls.db.dao.impl.mybatis.util.Searchable" resultType="java.lang.Long">
        select count(hid) from node_group
        <include refid="io.nuls.db.dao.impl.mybatis.common.CommonMapper.Search_Where"/>
    </select>
</mapper>