<?xml version="1.0" encoding="UTF-8"?>
<!DOCTYPE mapper PUBLIC "-//mybatis.org//DTD Mapper 3.0//EN" "http://mybatis.org/dtd/mybatis-3-mapper.dtd">
<mapper namespace="io.nuls.db.dao.impl.mybatis.mapper.NodeMapper">
    <resultMap id="BaseResultMap" type="io.nuls.db.entity.NodePo">
        <!--
          WARNING - @mbg.generated
          This element is automatically generated by MyBatis Generator, do not modify.
        -->
        <id column="id" jdbcType="VARCHAR" property="id"/>
        <result column="ip" jdbcType="VARCHAR" property="ip"/>
        <result column="port" jdbcType="INTEGER" property="port"/>
        <result column="last_time" jdbcType="BIGINT" property="lastTime"/>
        <result column="last_fail_time" jdbcType="BIGINT" property="lastFailTime" />
        <result column="fail_count" jdbcType="INTEGER" property="failCount"/>
        <result column="status" jdbcType="INTEGER" property="status"/>
        <result column="magic_num" jdbcType="INTEGER" property="magicNum"/>
    </resultMap>
    <sql id="Base_Column_List">
        <!--
          WARNING - @mbg.generated
          This element is automatically generated by MyBatis Generator, do not modify.
        -->
        id, ip, port, last_time, last_fail_time , fail_count, status, magic_num
    </sql>
    <select id="selectByPrimaryKey" parameterType="java.lang.String" resultMap="BaseResultMap">
        <!--
          WARNING - @mbg.generated
          This element is automatically generated by MyBatis Generator, do not modify.
        -->
        select
        <include refid="Base_Column_List"/>
        from node
        where id = #{id,jdbcType=VARCHAR}
    </select>
    <delete id="deleteByPrimaryKey" parameterType="java.lang.String">
        <!--
          WARNING - @mbg.generated
          This element is automatically generated by MyBatis Generator, do not modify.
        -->
        delete from node
        where id = #{id,jdbcType=VARCHAR}
    </delete>

    <delete id="deleteByIp" parameterType="io.nuls.db.entity.NodePo">
        delete from node
        where ip = #{ip,jdbcType=VARCHAR} and port = #{port,jdbcType=INTEGER}
    </delete>


    <insert id="insert" parameterType="io.nuls.db.entity.NodePo">
        <!--
          WARNING - @mbg.generated
          This element is automatically generated by MyBatis Generator, do not modify.
        -->
        insert into node (id, ip, port, last_time,last_fail_time, fail_count, status, magic_num)
        values (#{id,jdbcType=VARCHAR}, #{ip,jdbcType=VARCHAR}, #{port,jdbcType=INTEGER},
        #{lastTime,jdbcType=BIGINT},#{lastFailTime,jdbcType=BIGINT}, #{failCount,jdbcType=INTEGER},
        #{status,jdbcType=INTEGER}, #{magicNum,jdbcType=INTEGER})
    </insert>
    <insert id="insertSelective" parameterType="io.nuls.db.entity.NodePo">
        <!--
          WARNING - @mbg.generated
          This element is automatically generated by MyBatis Generator, do not modify.
        -->
        insert into node
        <trim prefix="(" suffix=")" suffixOverrides=",">
            <if test="id != null">
                id,
            </if>
            <if test="ip != null">
                ip,
            </if>
            <if test="port != null">
                port,
            </if>
            <if test="lastTime != null">
                last_time,
            </if>
            <if test="lastFailTime != null">
                last_fail_time,
            </if>
            <if test="failCount != null">
                fail_count,
            </if>
            <if test="status != null">
                status,
            </if>
            <if test="magicNum != null">
                magic_num,
            </if>
        </trim>
        <trim prefix="values (" suffix=")" suffixOverrides=",">
            <if test="id != null">
                #{id,jdbcType=VARCHAR},
            </if>
            <if test="ip != null">
                #{ip,jdbcType=VARCHAR},
            </if>
            <if test="port != null">
                #{port,jdbcType=INTEGER},
            </if>
            <if test="lastTime != null">
                #{lastTime,jdbcType=BIGINT},
            </if>
            <if test="lastFailTime != null">
                #{lastFailTime,jdbcType=BIGINT},
            </if>
            <if test="failCount != null">
                #{failCount,jdbcType=INTEGER},
            </if>
            <if test="status != null">
                #{status,jdbcType=INTEGER},
            </if>
            <if test="magicNum != null">
                #{magicNum,jdbcType=INTEGER},
            </if>

        </trim>
    </insert>
    <update id="updateByPrimaryKeySelective" parameterType="io.nuls.db.entity.NodePo">
        <!--
          WARNING - @mbg.generated
          This element is automatically generated by MyBatis Generator, do not modify.
        -->
        update node
        <set>
            <if test="ip != null">
                ip = #{ip,jdbcType=VARCHAR},
            </if>
            <if test="port != null">
                port = #{port,jdbcType=INTEGER},
            </if>
            <if test="lastTime != null">
                last_time = #{lastTime,jdbcType=BIGINT},
            </if>
            <if test="lastFailTime != null">
                last_fail_time = #{lastFailTime,jdbcType=BIGINT},
            </if>
            <if test="failCount != null">
                fail_count = #{failCount,jdbcType=INTEGER},
            </if>
            <if test="status != null">
                status = #{status,jdbcType=INTEGER},
            </if>
            <if test="magicNum != null">
                magic_num = #{magicNum,jdbcType=INTEGER},
            </if>

        </set>
        where id = #{id,jdbcType=VARCHAR}
    </update>

    <update id="updateByIp" parameterType="io.nuls.db.entity.NodePo">
        update node
        <set>
            <if test="ip != null">
                ip = #{ip,jdbcType=VARCHAR},
            </if>
            <if test="port != null">
                port = #{port,jdbcType=INTEGER},
            </if>
            <if test="lastTime != null">
                last_time = #{lastTime,jdbcType=BIGINT},
            </if>
            <if test="lastFailTime != null">
                last_fail_time = #{lastFailTime,jdbcType=BIGINT},
            </if>
            <if test="failCount != null">
                fail_count = #{failCount,jdbcType=INTEGER},
            </if>
            <if test="status != null">
                status = #{status,jdbcType=INTEGER},
            </if>
            <if test="magicNum != null">
                magic_num = #{magicNum,jdbcType=INTEGER},
            </if>

        </set>
        where ip = #{ip,jdbcType=VARCHAR} and port = #{port,jdbcType=INTEGER}
    </update>


    <update id="updateByPrimaryKey" parameterType="io.nuls.db.entity.NodePo">
        <!--
          WARNING - @mbg.generated
          This element is automatically generated by MyBatis Generator, do not modify.
        -->
        update node
        set ip = #{ip,jdbcType=VARCHAR},
        port = #{port,jdbcType=INTEGER},
        last_time = #{lastTime,jdbcType=BIGINT},
        last_fail_time = #{lastFailTime,jdbcType=BIGINT},
        fail_count = #{failCount,jdbcType=INTEGER},
        status = #{status,jdbcType=INTEGER},
        magic_num = #{magicNum,jdbcType=INTEGER}
        where id = #{id,jdbcType=VARCHAR}
    </update>


    <insert id="batchInsert" parameterType="java.util.List">
        insert into node (id, ip, port,last_time,
        last_fail_time, fail_count,status, magic_num)
        values
        <foreach collection="list" item="item" index="index" separator=",">
            (#{item.id,jdbcType=VARCHAR}, #{item.ip,jdbcType=VARCHAR}, #{item.port,jdbcType=INTEGER},
            #{item.lastTime,jdbcType=BIGINT},#{item.lastFailTime,jdbcType=BIGINT},#{item.failCount,jdbcType=INTEGER},
            #{item.status,jdbcType=INTEGER},#{item.magicNum,jdbcType=INTEGER})
        </foreach>
    </insert>
    <select id="countAll" resultType="java.lang.Long">
        <!--
          WARNING - @mbg.generated
          This element is automatically generated by MyBatis Generator, do not modify.
        -->
        select count(id) from node
    </select>
    <select id="selectList" parameterType="io.nuls.db.dao.impl.mybatis.util.Searchable" resultMap="BaseResultMap">
        select
        <include refid="Base_Column_List"/>
        from node
        <include refid="io.nuls.db.dao.impl.mybatis.common.CommonMapper.Search_Where"/>
    </select>
    <select id="selectCount" parameterType="io.nuls.db.dao.impl.mybatis.util.Searchable" resultType="java.lang.Long">
        select count(1) from node
        <include refid="io.nuls.db.dao.impl.mybatis.common.CommonMapper.Search_Where"/>
    </select>
</mapper>