<?xml version="1.0" encoding="UTF-8"?>
<!DOCTYPE mapper PUBLIC "-//mybatis.org//DTD Mapper 3.0//EN" "http://mybatis.org/dtd/mybatis-3-mapper.dtd">
<mapper namespace="io.nuls.db.dao.impl.mybatis.mapper.TxAccountRelationMapper">
  <resultMap id="BaseResultMap" type="io.nuls.db.entity.TxAccountRelationPo">
    <id column="tx_hash" jdbcType="VARCHAR" property="txHash" />
    <id column="address" jdbcType="VARCHAR" property="address" />
  </resultMap>
  <sql id="Base_Column_List">
    <!--
      WARNING - @mbg.generated
      This element is automatically generated by MyBatis Generator, do not modify.
    -->
    tx_hash, address
  </sql>
  <select id="selectByPrimaryKey" parameterType="map" resultMap="BaseResultMap">
    <!--
      WARNING - @mbg.generated
      This element is automatically generated by MyBatis Generator, do not modify.
    -->
    select 
    <include refid="Base_Column_List" />
    from tx_account_relation
    where tx_hash = #{txHash,jdbcType=VARCHAR}
    and address = #{address,jdbcType=VARCHAR}
  </select>

  <delete id="deleteByPrimaryKey" parameterType="map">
    <!--
      WARNING - @mbg.generated
      This element is automatically generated by MyBatis Generator, do not modify.
    -->
    delete from tx_account_relation
    where tx_hash = #{txHash,jdbcType=VARCHAR}
    and address = #{address,jdbcType=VARCHAR}
  </delete>

  <delete id="deleteRelation" parameterType="io.nuls.db.entity.TxAccountRelationPo">
    delete from tx_account_relation
    where tx_hash = #{txHash,jdbcType=VARCHAR} and address = #{address,jdbcType=VARCHAR}
  </delete>

  <insert id="insert" parameterType="io.nuls.db.entity.TxAccountRelationPo">
    insert into tx_account_relation (tx_hash, address )
    values (#{txHash,jdbcType=VARCHAR}, #{address,jdbcType=VARCHAR} )
  </insert>

  <insert id="batchInsert" parameterType="java.util.List">
    insert into tx_account_relation (tx_hash, address)
    values
    <foreach collection="list" item="item" index="index" separator="," >
      (#{item.txHash,jdbcType=VARCHAR}, #{item.address,jdbcType=VARCHAR})
    </foreach>
  </insert>
  <select id="countAll"  resultType="java.lang.Long">
    <!--
      WARNING - @mbg.generated
      This element is automatically generated by MyBatis Generator, do not modify.
    -->
    select count(1) from tx_account_relation
  </select>
  <select id="selectList" parameterType="io.nuls.db.dao.impl.mybatis.util.Searchable" resultMap="BaseResultMap">
    select
    <include refid="Base_Column_List" />
    from tx_account_relation
    <include refid="io.nuls.db.dao.impl.mybatis.common.CommonMapper.Search_Where"/>
  </select>
  <select id="selectCount" parameterType="io.nuls.db.dao.impl.mybatis.util.Searchable" resultType="java.lang.Long">
    select count(1) from tx_account_relation
    <include refid="io.nuls.db.dao.impl.mybatis.common.CommonMapper.Search_Where"/>
  </select>
</mapper>