{
  "tokens": {
    "OMG": {
      "name": "OmiseGO",
      "decimals": 18,
      "reserve balance": 1062.4452
    },
    "KNC": {
      "name": "KyberNetwork",
      "decimals": 18,
      "reserve balance": 3291.3726
    },
    "EOS": {
      "name": "Eos",
      "decimals": 18,
      "reserve balance": 1890.2334
    },
    "SNT": {
      "name": "STATUS",
      "decimals": 18,
      "reserve balance": 74100.06
    },
    "ELF": {
      "name": "AELF",
      "decimals": 18,
      "reserve balance": 9381.696
    },
    "POWR": {
      "name": "Power Ledger",
      "decimals": 6,
      "reserve balance": 21139.446
    },
    "MANA": {
      "name": "MANA",
      "decimals": 18,
      "reserve balance": 83010.6
    },
    "BAT": {
      "name": "Basic Attention Token",
      "decimals": 18,
      "reserve balance": 24832.062
    },
    "REQ": {
      "name": "Request",
      "decimals": 18,
      "reserve balance": 57109.62
    },
    "GTO": {
      "name": "Gifto",
      "decimals": 5,
      "reserve balance": 36007.17
    },
    "RDN": {
      "name": "Raiden",
      "decimals": 18,
      "reserve balance": 3595.0146
    },
    "APPC": {
      "name": "AppCoins",
      "decimals": 18,
      "reserve balance": 14453.868
    },
    "ENG": {
      "name": "Enigma",
      "decimals": 8,
      "reserve balance": 4226.7708
    },
    "SALT": {
      "name": "Salt",
      "decimals": 8,
      "reserve balance": 2918.7378
    }
  },
  "exchanges": [
    "bittrex",
    "liqui",
    "huobi",
    "binance",
    "bitfinex"
  ],
  "default reserve balances": {
    "token": 1000000,
    "ether": 16
  },
  "special addresses": {
    "nam": [
      "0x385baa4d78c91e5ce6ccafab9e96fdc83ea4427d",
      "0x1d217486cdd98c6f565ef567cba26dc331660fb6",
      "0x2ebac32cb5b6c1eebabe59e288d120fb3422cef7",
      "0x7b29938afb14cd0eaa5abf2519c9e7c052f6a278",
      "0x9ca354a72d66127875db293765179a767315058e",
      "0xc6bc2f7b73da733366985f5f5b485262b45a77a3"
    ],
    "victor_1": "0x760d30979eb313a2d23c53e4fb55986183b0ffd9",
    "victor_2": "0xEDd15B61505180B3A0C25B193dF27eF10214D851",
    "duc": "0x25B8b1F2c21A70B294231C007e834Ad2de04f51F",
    "andrew": "0x9f1a678b0079773b5c4f5aa8573132d2b8bcb1e7",
    "spyrus": "0x98AFFE24F6AE0e4826489516A0000Ed7c2fa58f2"
  },
  "output filename": "deployment_kovan.json"
}
