{
	"_type": "export",
	"__export_format": 3,
	"__export_date": "2017-11-10T15:02:45.828Z",
	"__export_source": "insomnia.desktop.app:v5.10.1",
	"resources": [
		{
			"_id": "wrk_72161b99e8634d158bc3b1e56cafd7e1",
			"parentId": null,
			"modified": 1510041196483,
			"created": 1508971278767,
			"name": "Plasma",
			"description": "",
			"_type": "workspace"
		},
		{
			"_id": "env_0f55f98b561842268c9408cfd8671a2d",
			"parentId": "wrk_72161b99e8634d158bc3b1e56cafd7e1",
			"modified": 1508971278770,
			"created": 1508971278770,
			"name": "Base Environment",
			"data": {},
			"color": null,
			"isPrivate": false,
			"_type": "environment"
		},
		{
			"_id": "fld_5cd6b9f637bd450180501c351f45b0f6",
			"parentId": "wrk_72161b99e8634d158bc3b1e56cafd7e1",
			"modified": 1510070686707,
			"created": 1510070686707,
			"name": "Plasma",
			"description": "",
			"environment": {},
			"metaSortKey": -1510070686707,
			"_type": "request_group"
		},
		{
			"_id": "req_496880772a9a4bda9ab99e49a97c95d8",
			"parentId": "fld_5cd6b9f637bd450180501c351f45b0f6",
			"modified": 1510183267403,
			"created": 1510070694280,
			"url": "http://127.0.0.1:8000/fundPlasma",
			"name": "Fund Plasma",
			"description": "",
			"method": "POST",
			"body": {
				"mimeType": "application/json",
				"text": "{\n\t\"toAddress\" : \"0xf62803ffaddda373d44b10bf6bb404909be0e66b\"\n}"
			},
			"parameters": [],
			"headers": [
				{
					"name": "Content-Type",
					"value": "application/json",
					"id": "pair_5175b94eb4d646a2a547812d2bf19ef4"
				}
			],
			"authentication": {},
			"metaSortKey": -1510070694280,
			"settingStoreCookies": true,
			"settingSendCookies": true,
			"settingDisableRenderRequestBody": false,
			"settingEncodeUrl": true,
			"_type": "request"
		},
		{
			"_id": "req_e42979a812a34f7a807fbe86041bc175",
			"parentId": "fld_5cd6b9f637bd450180501c351f45b0f6",
			"modified": 1510305375257,
			"created": 1510184784598,
			"url": "http://127.0.0.1:8000/plasmaBlock/1",
			"name": "Get block by number",
			"description": "",
			"method": "GET",
			"body": {
				"mimeType": "application/json",
				"text": ""
			},
			"parameters": [],
			"headers": [
				{
					"name": "Content-Type",
					"value": "application/json",
					"id": "pair_5175b94eb4d646a2a547812d2bf19ef4"
				}
			],
			"authentication": {},
			"metaSortKey": -1509885060592.5,
			"settingStoreCookies": true,
			"settingSendCookies": true,
			"settingDisableRenderRequestBody": false,
			"settingEncodeUrl": true,
			"_type": "request"
		},
		{
			"_id": "req_a33f04b400e74ce2a9aad20c85d71129",
			"parentId": "fld_5cd6b9f637bd450180501c351f45b0f6",
			"modified": 1510214454668,
			"created": 1510189145263,
			"url": "http://127.0.0.1:8000/sendAndSign",
			"name": "Create and sign transaction",
			"description": "",
			"method": "POST",
			"body": {
				"mimeType": "application/json",
				"text": "{\n    \"from\": \"0xf62803ffaddda373d44b10bf6bb404909be0e66b\",\n    \"txType\" : 1,\n    \"inputs\": [\n\t\t\t{\n            \"blockNumber\": 1,\n            \"txNumber\": 0,\n            \"outputNumber\" : 1\n\t\t\t}\n\t\t],\n    \"outputs\": [{\n            \"to\": \"0xcf78f18299eac0e0a238db7f4742ef433f98c85e\",\n            \"amount\": \"50000000000000000\"\n            },\n\t\t\t\t\t\t\t {\n            \"to\": \"0xf62803ffaddda373d44b10bf6bb404909be0e66b\",\n            \"amount\": \"50000000000000000\"\n            }]\n}"
			},
			"parameters": [],
			"headers": [
				{
					"name": "Content-Type",
					"value": "application/json",
					"id": "pair_5175b94eb4d646a2a547812d2bf19ef4"
				}
			],
			"authentication": {},
			"metaSortKey": -1509977877436.25,
			"settingStoreCookies": true,
			"settingSendCookies": true,
			"settingDisableRenderRequestBody": false,
			"settingEncodeUrl": true,
			"_type": "request"
		},
		{
			"_id": "req_84350a0776b6480587e064f4acf83887",
			"parentId": "fld_5cd6b9f637bd450180501c351f45b0f6",
			"modified": 1510215077681,
			"created": 1510215037642,
			"url": "http://127.0.0.1:8000/utxos/0xf62803ffaddda373d44b10bf6bb404909be0e66b",
			"name": "Get UTXOs for address",
			"description": "",
			"method": "GET",
			"body": {
				"mimeType": "application/json",
				"text": ""
			},
			"parameters": [],
			"headers": [
				{
					"name": "Content-Type",
					"value": "application/json",
					"id": "pair_5175b94eb4d646a2a547812d2bf19ef4"
				}
			],
			"authentication": {},
			"metaSortKey": -1509792243748.75,
			"settingStoreCookies": true,
			"settingSendCookies": true,
			"settingDisableRenderRequestBody": false,
			"settingEncodeUrl": true,
			"_type": "request"
		},
		{
			"_id": "req_04f8cc0c61f64bb38274c8ace0142ddc",
			"parentId": "fld_5cd6b9f637bd450180501c351f45b0f6",
			"modified": 1510215703043,
			"created": 1510215690740,
			"url": "http://127.0.0.1:8000/utxos/0xcf78f18299eac0e0a238db7f4742ef433f98c85e",
			"name": "Get UTXOs for address 2",
			"description": "",
			"method": "GET",
			"body": {
				"mimeType": "application/json",
				"text": ""
			},
			"parameters": [],
			"headers": [
				{
					"name": "Content-Type",
					"value": "application/json",
					"id": "pair_5175b94eb4d646a2a547812d2bf19ef4"
				}
			],
			"authentication": {},
			"metaSortKey": -1509745835326.875,
			"settingStoreCookies": true,
			"settingSendCookies": true,
			"settingDisableRenderRequestBody": false,
			"settingEncodeUrl": true,
			"_type": "request"
		},
		{
			"_id": "req_c0df9f648f0b4e388b33c0b798486941",
			"parentId": "fld_5cd6b9f637bd450180501c351f45b0f6",
			"modified": 1510267092689,
			"created": 1510244074849,
			"url": "http://127.0.0.1:8000/sendAndSign",
			"name": "Create and sign withdraw",
			"description": "",
			"method": "POST",
			"body": {
				"mimeType": "application/json",
				"text": "{\n    \"from\": \"0xf62803ffaddda373d44b10bf6bb404909be0e66b\",\n    \"txType\" : 3,\n    \"inputs\": [\n\t\t\t{\n            \"blockNumber\": 1,\n            \"txNumber\": 0,\n            \"outputNumber\" : 1\n\t\t\t}\n\t\t],\n    \"outputs\": [{\n            \"to\": \"0x0000000000000000000000000000000000000000\",\n            \"amount\": \"100000000000000000\"\n            }]\n}"
			},
			"parameters": [],
			"headers": [
				{
					"name": "Content-Type",
					"value": "application/json",
					"id": "pair_5175b94eb4d646a2a547812d2bf19ef4"
				}
			],
			"authentication": {},
			"metaSortKey": -1509931469014.375,
			"settingStoreCookies": true,
			"settingSendCookies": true,
			"settingDisableRenderRequestBody": false,
			"settingEncodeUrl": true,
			"_type": "request"
		},
		{
			"_id": "req_7cb4be30021041cd9f72c3bf0f569d68",
			"parentId": "fld_5cd6b9f637bd450180501c351f45b0f6",
			"modified": 1510305541259,
			"created": 1510244291999,
			"url": "http://127.0.0.1:8000/startWithdraw",
			"name": "Start withdraw",
			"description": "",
			"method": "POST",
			"body": {
				"mimeType": "application/json",
				"text": "{\n    \"from\": \"0xf62803ffaddda373d44b10bf6bb404909be0e66b\",\n\t\t\"blockNumber\": 1,\n\t\t\"txNumber\": 0,\n\t\t\"txOutputNumber\":1\n}"
			},
			"parameters": [],
			"headers": [
				{
					"name": "Content-Type",
					"value": "application/json",
					"id": "pair_5175b94eb4d646a2a547812d2bf19ef4"
				}
			],
			"authentication": {},
			"metaSortKey": -1509908264803.4375,
			"settingStoreCookies": true,
			"settingSendCookies": true,
			"settingDisableRenderRequestBody": false,
			"settingEncodeUrl": true,
			"_type": "request"
		},
		{
			"_id": "req_299420c3887845f2a89f177d291ec288",
			"parentId": "fld_5cd6b9f637bd450180501c351f45b0f6",
			"modified": 1510267464215,
			"created": 1510267369128,
			"url": "http://127.0.0.1:8000/plasmaParent/blockHeader/1",
			"name": "Get header by number",
			"description": "",
			"method": "GET",
			"body": {
				"mimeType": "application/json",
				"text": ""
			},
			"parameters": [],
			"headers": [
				{
					"name": "Content-Type",
					"value": "application/json",
					"id": "pair_5175b94eb4d646a2a547812d2bf19ef4"
				}
			],
			"authentication": {},
			"metaSortKey": -1509838652170.625,
			"settingStoreCookies": true,
			"settingSendCookies": true,
			"settingDisableRenderRequestBody": false,
			"settingEncodeUrl": true,
			"_type": "request"
		},
		{
			"_id": "req_a0b739936b654841a59b89ac29b1629b",
			"parentId": "fld_5cd6b9f637bd450180501c351f45b0f6",
			"modified": 1510303494213,
			"created": 1510267382301,
			"url": "http://127.0.0.1:8000/plasmaParent/withdrawRecord/8589934592",
			"name": "Get withdraw record by index",
			"description": "",
			"method": "GET",
			"body": {
				"mimeType": "application/json",
				"text": ""
			},
			"parameters": [],
			"headers": [
				{
					"name": "Content-Type",
					"value": "application/json",
					"id": "pair_5175b94eb4d646a2a547812d2bf19ef4"
				}
			],
			"authentication": {},
			"metaSortKey": -1509815447959.6875,
			"settingStoreCookies": true,
			"settingSendCookies": true,
			"settingDisableRenderRequestBody": false,
			"settingEncodeUrl": true,
			"_type": "request"
		},
		{
			"_id": "req_c372e3e5120345718c276deaf2f21d4c",
			"parentId": "fld_5cd6b9f637bd450180501c351f45b0f6",
			"modified": 1510267625322,
			"created": 1510267588233,
			"url": "http://127.0.0.1:8000/ethereumBalance/0xf62803ffaddda373d44b10bf6bb404909be0e66b",
			"name": "Get balance for address",
			"description": "",
			"method": "GET",
			"body": {
				"mimeType": "application/json",
				"text": ""
			},
			"parameters": [],
			"headers": [
				{
					"name": "Content-Type",
					"value": "application/json",
					"id": "pair_5175b94eb4d646a2a547812d2bf19ef4"
				}
			],
			"authentication": {},
			"metaSortKey": -1509803845854.2188,
			"settingStoreCookies": true,
			"settingSendCookies": true,
			"settingDisableRenderRequestBody": false,
			"settingEncodeUrl": true,
			"_type": "request"
		},
		{
			"_id": "req_48d2d185224348bfa5007499e46aae0a",
			"parentId": "fld_5cd6b9f637bd450180501c351f45b0f6",
			"modified": 1510267853919,
			"created": 1510267804004,
			"url": "http://127.0.0.1:8000/ethereumBalance/0x8C05d5F202e9cab29a48b2DcBc2050bC3E20ae9c",
			"name": "Get balance for contract",
			"description": "",
			"method": "GET",
			"body": {
				"mimeType": "application/json",
				"text": ""
			},
			"parameters": [],
			"headers": [
				{
					"name": "Content-Type",
					"value": "application/json",
					"id": "pair_5175b94eb4d646a2a547812d2bf19ef4"
				}
			],
			"authentication": {},
			"metaSortKey": -1509798044801.4844,
			"settingStoreCookies": true,
			"settingSendCookies": true,
			"settingDisableRenderRequestBody": false,
			"settingEncodeUrl": true,
			"_type": "request"
		},
		{
			"_id": "req_8714811c360f449d8f1273b6e096aeda",
			"parentId": "fld_5cd6b9f637bd450180501c351f45b0f6",
			"modified": 1510306797552,
			"created": 1510306761757,
			"url": "http://127.0.0.1:8000/finalizeWithdrawExpress",
			"name": "Finalize withdraw express",
			"description": "",
			"method": "POST",
			"body": {
				"mimeType": "application/json",
				"text": "{\n    \"from\": \"0xf62803ffaddda373d44b10bf6bb404909be0e66b\",\n\t\t\"blockNumber\": 2,\n\t\t\"txNumber\": 0,\n\t\t\"txOutputNumber\":1\n}"
			},
			"parameters": [],
			"headers": [
				{
					"name": "Content-Type",
					"value": "application/json",
					"id": "pair_5175b94eb4d646a2a547812d2bf19ef4"
				}
			],
			"authentication": {},
			"metaSortKey": -1509896662697.9688,
			"settingStoreCookies": true,
			"settingSendCookies": true,
			"settingDisableRenderRequestBody": false,
			"settingEncodeUrl": true,
			"_type": "request"
		},
		{
			"_id": "req_37bf10316d7d4417b97f4eb9413309e4",
			"parentId": "fld_5cd6b9f637bd450180501c351f45b0f6",
			"modified": 1510323439429,
			"created": 1510323286024,
			"url": "http://127.0.0.1:8000/plasmaParent/depositRecord/0x0000000000000000000000000000000000000000000000000000000200000000",
			"name": "Get deposit record by index",
			"description": "",
			"method": "GET",
			"body": {
				"mimeType": "application/json",
				"text": ""
			},
			"parameters": [],
			"headers": [
				{
					"name": "Content-Type",
					"value": "application/json",
					"id": "pair_5175b94eb4d646a2a547812d2bf19ef4"
				}
			],
			"authentication": {},
			"metaSortKey": -1509809646906.9531,
			"settingStoreCookies": true,
			"settingSendCookies": true,
			"settingDisableRenderRequestBody": false,
			"settingEncodeUrl": true,
			"_type": "request"
		},
		{
			"_id": "req_e7393b9c2f83435998ebf7c37b93241a",
			"parentId": "fld_5cd6b9f637bd450180501c351f45b0f6",
			"modified": 1510323871557,
			"created": 1510323821224,
			"url": "http://127.0.0.1:8000/startDepositWithdraw",
			"name": "Start deposit withdraw",
			"description": "",
			"method": "POST",
			"body": {
				"mimeType": "application/json",
				"text": "{\n    \"from\": \"0xf62803ffaddda373d44b10bf6bb404909be0e66b\",\n\t\t\"depositIndex\" : \"0x0000000000000000000000000000000000000000000000000000000200000000\"\n}"
			},
			"parameters": [],
			"headers": [
				{
					"name": "Content-Type",
					"value": "application/json",
					"id": "pair_5175b94eb4d646a2a547812d2bf19ef4"
				}
			],
			"authentication": {},
			"metaSortKey": -1509902463750.7031,
			"settingStoreCookies": true,
			"settingSendCookies": true,
			"settingDisableRenderRequestBody": false,
			"settingEncodeUrl": true,
			"_type": "request"
		},
		{
			"_id": "req_7a1691fbd1bb4a59ba7008b64a39af3d",
			"parentId": "fld_5cd6b9f637bd450180501c351f45b0f6",
			"modified": 1510324284338,
			"created": 1510324254548,
			"url": "http://127.0.0.1:8000/challengeDepositWithdraw",
			"name": "Challenge deposit withdraw",
			"description": "",
			"method": "POST",
			"body": {
				"mimeType": "application/json",
				"text": "{\n    \"blockNumber\": 1,\n\t\t\"txNumber\": 0,\n\t\t\"depositIndex\" : \"0x0000000000000000000000000000000000000000000000000000000200000000\"\n}"
			},
			"parameters": [],
			"headers": [
				{
					"name": "Content-Type",
					"value": "application/json",
					"id": "pair_5175b94eb4d646a2a547812d2bf19ef4"
				}
			],
			"authentication": {},
			"metaSortKey": -1509899563224.336,
			"settingStoreCookies": true,
			"settingSendCookies": true,
			"settingDisableRenderRequestBody": false,
			"settingEncodeUrl": true,
			"_type": "request"
		}
	]
}