{
  "project_info": {
    "project_number": "495248218957",
    "firebase_url": "https://bkx-lab.firebaseio.com",
    "project_id": "bkx-lab",
    "storage_bucket": "bkx-lab.appspot.com"
  },
  "client": [
    {
      "client_info": {
        "mobilesdk_app_id": "1:495248218957:android:ff9e2f9476c4127e",
        "android_client_info": {
          "package_name": "com.bkx.lab"
        }
      },
      "oauth_client": [
        {
          "client_id": "495248218957-m48lsep9duak2hj2bkftkcknhmm77498.apps.googleusercontent.com",
          "client_type": 3
        }
      ],
      "api_key": [
        {
          "current_key": "AIzaSyCBQ1odRzWAK_88LKC5K06UrmfB9pTeD4w"
        }
      ],
      "services": {
        "analytics_service": {
          "status": 1
        },
        "appinvite_service": {
          "status": 1,
          "other_platform_oauth_client": []
        },
        "ads_service": {
          "status": 2
        }
      }
    }
  ],
  "configuration_version": "1"
}