<?xml version="1.0" encoding="UTF-8" ?>
<!DOCTYPE generatorConfiguration PUBLIC
        "-//mybatis.org//DTD MyBatis Generator Configuration 1.0//EN"
        "http://mybatis.org/dtd/mybatis-generator-config_1_0.dtd" >
<generatorConfiguration>

    <!-- !!!! Driver Class Path !!!! -->
    <classPathEntry location="D:\work\mysql-connector-java-5.1.33.jar"/>

    <context id="context" targetRuntime="MyBatis3" defaultModelType="flat">

        <commentGenerator>
            <property name="suppressAllComments" value="true" /><!-- 是否取消注释 -->
            <property name="suppressDate" value="false" /> <!-- 是否生成注释代时间戳 -->
        </commentGenerator>

        <!-- !!!! Database Configurations !!!! -->
        <jdbcConnection driverClass="com.mysql.jdbc.Driver"
                        connectionURL="jdbc:mysql://192.168.1.103:3306/niels?useUnicode=true&amp;characterEncoding=UTF-8"
                        userId="root" password="123123" />

        <javaTypeResolver>
            <property name="forceBigDecimals" value="false"/>
        </javaTypeResolver>

        <!-- !!!! Model Configurations !!!! -->
        <javaModelGenerator targetPackage="io.nuls.db.entity" targetProject="mybatis-test" >
            <property name="enableSubPackages" value="false"/>
            <property name="trimStrings" value="true"/>
        </javaModelGenerator>

        <!-- !!!! Mapper XML Configurations !!!! -->
        <sqlMapGenerator targetPackage="mybatis.mapping" targetProject="mybatis-test">
            <property name="enableSubPackages" value="false"/>
        </sqlMapGenerator>

        <!-- !!!! Mapper Interface Configurations !!!! -->
        <javaClientGenerator targetPackage="io.nuls.db.dao.impl.mybatis.mapper" targetProject="mybatis-test" type="XMLMAPPER">
            <property name="enableSubPackages" value="false"/>
            <property name="rootInterface" value="io.nuls.dao.intf.mybatis.mapper.BaseMapper"/>
        </javaClientGenerator>

        <!-- !!!! Table Configurations !!!! -->
        <table tableName="utxo_input" domainObjectName="UtxoInputPo" enableCountByExample="false" enableDeleteByExample="false" enableSelectByExample="false" enableUpdateByExample="false"/>

    </context>
</generatorConfiguration>