{
   "document":{
      "signature":"IN1CKNm9VCSQHLAKF2cOf6E9hNM080yM8gEtkkdjA0oYIfogPy3ho9ytorgN1MdqonZ6IO/8XCk2vWxOub30XFc=",
      "recipient":{
         "givenName":"Arya",
         "publicKey":"mgCNaPM3TFhh8Yn6U6VcEM9jWLhQbizy1x",
         "type":"email",
         "identity":"aryaxyz@starkxyz.com",
         "familyName":"Stark",
         "revocationKey":"mhjWi9Y3VhjcPmg2hcdjWBFZFTHtKuWFL2",
         "hashed":false
      },
      "@context":"https://w3id.org/blockcerts/v1",
      "type":"CertificateDocument",
      "assertion":{
         "issuedOn":"2016-09-29",
         "id":"http://certificates.gamoeofthronesxyz.org/f813349f-1385-487f-8d89-38a092411fa5",
         "image:signature":"fdfdf",
         "type":"Assertion",
         "uid":"f813349f-1385-487f-8d89-38a092411fa5"
      },
      "certificate":{
         "language":"en-US",
         "id":"http://certificates.gamoeofthronesxyz.org/criteria/2016/08/got.json",
         "name":"Game of Thrones Character",
         "image":"fdfdf",
         "issuer":{
            "url":"http://www.blockcerts.org/mockissuer/",
            "email":"fakeEmail@gamoeofthronesxyz.org",
            "id":"http://www.blockcerts.org/mockissuer/issuer/got-issuer.json",
            "name":"Game of thrones issuer",
            "type":"Issuer",
            "image":"jkjk"
         },
         "description":"This certifies that the named character is an official Game of Thrones character.",
         "type":"Certificate"
      },
      "verify":{
         "attribute-signed":"uid",
         "type":"ECDSA(secp256k1)",
         "signer":"http://www.blockcerts.org/mockissuer/keys/got_public_key.asc",
         "ipfs_files":{
            "rules":"QmTcr8MMP6XQYDigMYY6YnemGHTMtETZ8FXvgNsCLVF3ht",
            "proofs":"QmSMppxttp5ioaZwmSWCWHnwMGUasmQRtcE3TdtMy2vAJG"
         }
      }
   },
   "@context":"https://w3id.org/blockcerts/v1",
   "type":"BlockchainCertificate",
   "receipt":{
      "anchors":[
         {
            "sourceId":"2b4159561af88c66f554dabc0d94f54d2e4d5ae0446881fc926678ac49931b1e",
            "type":"BTCOpReturn"
         }
      ],
      "@context":"https://w3id.org/chainpoint/v2",
      "type":"ChainpointSHA256v2",
      "proof":[
         {
            "left":"bcd1a5068515c13b5d98bfaac2d4291f9ced788fd85fec4cef057c4c2a5c7cdb"
         }
      ],
      "merkleRoot":"362518fa64236bfead72ea3ea934198120cafd194b71d550fc5c9f4fd1b4caaa",
      "targetHash":"cd3842e8b3656164ef87bc330f88e8820ae9708962be564bd36ede4f035f04dc"
   }
}