{
  "opts": {
    "destination": "docs/output",
    "readme": "README.md",
    "recurse": true,
    "template": "./jsdoc-template/template"
  },
  "source": {
    "include": ["docs"],
    "exclude": ["docs/jsdoc-template", "docs/output"]
  },
  "tags": {
    "allowUnknownTags": false
  },
  "plugins": ["plugins/markdown"],
  "templates": {
    "applicationName": "Realm JavaScript",
    "cleverLinks": true,
    "default": {
      "outputSourceFiles": false,
      "staticFiles": {
        "paths": ["docs/static"]
      }
    }
  }
}
