{
  "commands": [
    {
      "name": "--help",
      "options" : [],
      "summary" : "list this help message",
      "help": ""
    },
    {
      "name": "init",
      "options" : [],
      "summary" : "initializes a new dapple project in the current folder",
      "help": ""
    },
    {
      "name": "build",
      "options" : [
        {
          "name": "[-r <filter>]",
          "summary": "filter classes with a regular expression"
        },
        {
          "name": "[--global=<globalVar>]",
          "summary": "??? TODO"
        },
        {
          "name": "[--template=<templateName>]",
          "summary": "choose a generation template"
        },
        {
          "name": "[options]",
          "summary": "default options"
        },
        {
          "name": "[--no-deploy-data]",
          "summary": "??? TODO"
        },
        {
          "name": "[--dump-file=<DumpFile>]",
          "summary": "Dump all solidity files to a chosen json file for inspection and verification"
        },
        {
          "name": "[--dump-dir=<DumpDir>]",
          "summary": "Dump all solidity files to a chosen directory for inspection and verification"
        },
        {
          "name": "[--tests]",
          "summary": "include tests into the build"
        },
        {
          "name": "[--no-optimize]",
          "summary": "turn off the optimization step during compilation"
        }
      ],
      "summary" : "compile and bundle your project",
      "help": ""
    }
  ],
  "options": [
    {
      "name": "-e ENVIRONMENT, --environment ENVIRONMENT [default: evm]",
      "summary": ""
    },
    {
      "name": "-c DAPPLERC, --config DAPPLERC",
      "summary": ""
    },
    {
      "name": "-s, --subpackages",
      "summary": "include subpackages in output"
    },
    {
      "name": "--report",
      "summary": "turn on the reporter"
    },
    {
      "name": "--version",
      "summary": "prints out dapple Version"
    },
    {
      "name": "--no-migration",
      "summary": "turn of local and global migration"
    }
  ]
}
