{
  "v": "4.5.7",
  "fr": 30,
  "ip": 0,
  "op": 32,
  "w": 600,
  "h": 600,
  "ddd": 0,
  "assets": [],
  "layers": [
    {
      "ddd": 0,
      "ind": 1,
      "ty": 4,
      "nm": "Line",
      "ks": {
        "o": {
          "a": 0,
          "k": 100
        },
        "r": {
          "a": 0,
          "k": 0
        },
        "p": {
          "a": 0,
          "k": [
            300.75,
            384.5,
            0
          ]
        },
        "a": {
          "a": 0,
          "k": [
            0.75,
            81.5,
            0
          ]
        },
        "s": {
          "a": 0,
          "k": [
            100,
            100,
            100
          ]
        }
      },
      "ao": 0,
      "shapes": [
        {
          "ty": "gr",
          "it": [
            {
              "ind": 0,
              "ty": "sh",
              "ks": {
                "a": 0,
                "k": {
                  "i": [
                    [
                      0,
                      0
                    ],
                    [
                      0,
                      0
                    ]
                  ],
                  "o": [
                    [
                      0,
                      0
                    ],
                    [
                      0,
                      0
                    ]
                  ],
                  "v": [
                    [
                      -19.5,
                      81.5
                    ],
                    [
                      21,
                      81.5
                    ]
                  ],
                  "c": false
                }
              },
              "nm": "Path 1",
              "mn": "ADBE Vector Shape - Group"
            },
            {
              "ty": "st",
              "c": {
                "a": 0,
                "k": [
                  0.74,
                  0.76,
                  0.78,
                  1
                ]
              },
              "o": {
                "a": 0,
                "k": 100
              },
              "w": {
                "a": 0,
                "k": 6
              },
              "lc": 2,
              "lj": 1,
              "ml": 4,
              "nm": "Stroke 1",
              "mn": "ADBE Vector Graphic - Stroke"
            },
            {
              "ty": "tr",
              "p": {
                "a": 0,
                "k": [
                  0,
                  0
                ],
                "ix": 2
              },
              "a": {
                "a": 0,
                "k": [
                  0,
                  0
                ],
                "ix": 1
              },
              "s": {
                "a": 0,
                "k": [
                  100,
                  100
                ],
                "ix": 3
              },
              "r": {
                "a": 0,
                "k": 0,
                "ix": 6
              },
              "o": {
                "a": 0,
                "k": 100,
                "ix": 7
              },
              "sk": {
                "a": 0,
                "k": 0,
                "ix": 4
              },
              "sa": {
                "a": 0,
                "k": 0,
                "ix": 5
              },
              "nm": "Transform"
            }
          ],
          "nm": "Shape 1",
          "np": 3,
          "mn": "ADBE Vector Group"
        }
      ],
      "ip": 0,
      "op": 32,
      "st": 0,
      "bm": 0,
      "sr": 1
    },
    {
      "ddd": 0,
      "ind": 2,
      "ty": 4,
      "nm": "Pin",
      "ks": {
        "o": {
          "a": 0,
          "k": 100
        },
        "r": {
          "a": 0,
          "k": 0
        },
        "p": {
          "a": 1,
          "k": [
            {
              "i": {
                "x": 0.833,
                "y": 0.833
              },
              "o": {
                "x": 0.946,
                "y": 0
              },
              "n": "0p833_0p833_0p946_0",
              "t": 0,
              "s": [
                300.019,
                150,
                0
              ],
              "e": [
                300.019,
                299.918,
                0
              ],
              "to": [
                0,
                24.986255645752,
                0
              ],
              "ti": [
                0,
                -27.3195877075195,
                0
              ]
            },
            {
              "i": {
                "x": 0.833,
                "y": 0.833
              },
              "o": {
                "x": 0.167,
                "y": 0.167
              },
              "n": "0p833_0p833_0p167_0p167",
              "t": 15,
              "s": [
                300.019,
                299.918,
                0
              ],
              "e": [
                300.019,
                313.918,
                0
              ],
              "to": [
                0,
                27.3195877075195,
                0
              ],
              "ti": [
                0,
                24.986255645752,
                0
              ]
            },
            {
              "i": {
                "x": 0.077,
                "y": 1
              },
              "o": {
                "x": 0.167,
                "y": 0.167
              },
              "n": "0p077_1_0p167_0p167",
              "t": 17,
              "s": [
                300.019,
                313.918,
                0
              ],
              "e": [
                300.019,
                150,
                0
              ],
              "to": [
                0,
                -24.986255645752,
                0
              ],
              "ti": [
                0,
                27.3195877075195,
                0
              ]
            },
            {
              "t": 32
            }
          ]
        },
        "a": {
          "a": 0,
          "k": [
            0,
            0,
            0
          ]
        },
        "s": {
          "a": 0,
          "k": [
            50,
            50,
            100
          ]
        }
      },
      "ao": 0,
      "hasMask": false,
      "masksProperties": [
        {
          "inv": false,
          "mode": "s",
          "pt": {
            "a": 0,
            "k": {
              "i": [
                [
                  22.368,
                  0
                ],
                [
                  0,
                  -22.368
                ],
                [
                  -22.368,
                  0
                ],
                [
                  0,
                  22.368
                ]
              ],
              "o": [
                [
                  -22.368,
                  0
                ],
                [
                  0,
                  22.368
                ],
                [
                  22.368,
                  0
                ],
                [
                  0,
                  -22.368
                ]
              ],
              "v": [
                [
                  0.461,
                  -98
                ],
                [
                  -40.039,
                  -57.5
                ],
                [
                  0.461,
                  -17
                ],
                [
                  40.961,
                  -57.5
                ]
              ],
              "c": true
            }
          },
          "o": {
            "a": 0,
            "k": 100
          },
          "x": {
            "a": 0,
            "k": 0
          },
          "nm": "Mask 1"
        }
      ],
      "shapes": [
        {
          "ty": "gr",
          "it": [
            {
              "ind": 0,
              "ty": "sh",
              "ks": {
                "a": 1,
                "k": [
                  {
                    "i": {
                      "x": 0.833,
                      "y": 0.833
                    },
                    "o": {
                      "x": 0.167,
                      "y": 0.167
                    },
                    "n": "0p833_0p833_0p167_0p167",
                    "t": 14,
                    "s": [
                      {
                        "i": [
                          [
                            0,
                            0
                          ],
                          [
                            0.08,
                            12.776
                          ],
                          [
                            49.288,
                            0.686
                          ],
                          [
                            0,
                            -50.689
                          ],
                          [
                            -4.605,
                            -10.887
                          ],
                          [
                            0,
                            0
                          ],
                          [
                            -0.712,
                            1.475
                          ]
                        ],
                        "o": [
                          [
                            4.676,
                            -11.054
                          ],
                          [
                            -0.307,
                            -49.291
                          ],
                          [
                            -50.852,
                            -0.707
                          ],
                          [
                            0,
                            12.565
                          ],
                          [
                            0,
                            0
                          ],
                          [
                            0.712,
                            1.475
                          ],
                          [
                            0,
                            0
                          ]
                        ],
                        "v": [
                          [
                            83.81,
                            -22.142
                          ],
                          [
                            90.959,
                            -58.144
                          ],
                          [
                            1.257,
                            -148.555
                          ],
                          [
                            -91.039,
                            -57.564
                          ],
                          [
                            -83.888,
                            -22.142
                          ],
                          [
                            -1.801,
                            147.788
                          ],
                          [
                            1.724,
                            147.788
                          ]
                        ],
                        "c": true
                      }
                    ],
                    "e": [
                      {
                        "i": [
                          [
                            0,
                            0
                          ],
                          [
                            0.08,
                            12.776
                          ],
                          [
                            49.288,
                            0.686
                          ],
                          [
                            0,
                            -50.689
                          ],
                          [
                            -4.605,
                            -10.887
                          ],
                          [
                            0,
                            0
                          ],
                          [
                            -0.712,
                            1.475
                          ]
                        ],
                        "o": [
                          [
                            4.676,
                            -11.054
                          ],
                          [
                            -0.307,
                            -49.291
                          ],
                          [
                            -50.852,
                            -0.707
                          ],
                          [
                            0,
                            12.565
                          ],
                          [
                            0,
                            0
                          ],
                          [
                            0.712,
                            1.475
                          ],
                          [
                            0,
                            0
                          ]
                        ],
                        "v": [
                          [
                            83.81,
                            -22.142
                          ],
                          [
                            90.959,
                            -58.144
                          ],
                          [
                            1.257,
                            -148.555
                          ],
                          [
                            -91.039,
                            -57.564
                          ],
                          [
                            -83.888,
                            -22.142
                          ],
                          [
                            -2.039,
                            120.288
                          ],
                          [
                            1.486,
                            120.288
                          ]
                        ],
                        "c": true
                      }
                    ]
                  },
                  {
                    "i": {
                      "x": 0.833,
                      "y": 0.833
                    },
                    "o": {
                      "x": 0.167,
                      "y": 0.167
                    },
                    "n": "0p833_0p833_0p167_0p167",
                    "t": 16,
                    "s": [
                      {
                        "i": [
                          [
                            0,
                            0
                          ],
                          [
                            0.08,
                            12.776
                          ],
                          [
                            49.288,
                            0.686
                          ],
                          [
                            0,
                            -50.689
                          ],
                          [
                            -4.605,
                            -10.887
                          ],
                          [
                            0,
                            0
                          ],
                          [
                            -0.712,
                            1.475
                          ]
                        ],
                        "o": [
                          [
                            4.676,
                            -11.054
                          ],
                          [
                            -0.307,
                            -49.291
                          ],
                          [
                            -50.852,
                            -0.707
                          ],
                          [
                            0,
                            12.565
                          ],
                          [
                            0,
                            0
                          ],
                          [
                            0.712,
                            1.475
                          ],
                          [
                            0,
                            0
                          ]
                        ],
                        "v": [
                          [
                            83.81,
                            -22.142
                          ],
                          [
                            90.959,
                            -58.144
                          ],
                          [
                            1.257,
                            -148.555
                          ],
                          [
                            -91.039,
                            -57.564
                          ],
                          [
                            -83.888,
                            -22.142
                          ],
                          [
                            -2.039,
                            120.288
                          ],
                          [
                            1.486,
                            120.288
                          ]
                        ],
                        "c": true
                      }
                    ],
                    "e": [
                      {
                        "i": [
                          [
                            0,
                            0
                          ],
                          [
                            0.08,
                            12.776
                          ],
                          [
                            49.288,
                            0.686
                          ],
                          [
                            0,
                            -50.689
                          ],
                          [
                            -4.605,
                            -10.887
                          ],
                          [
                            0,
                            0
                          ],
                          [
                            -0.712,
                            1.475
                          ]
                        ],
                        "o": [
                          [
                            4.676,
                            -11.054
                          ],
                          [
                            -0.307,
                            -49.291
                          ],
                          [
                            -50.852,
                            -0.707
                          ],
                          [
                            0,
                            12.565
                          ],
                          [
                            0,
                            0
                          ],
                          [
                            0.712,
                            1.475
                          ],
                          [
                            0,
                            0
                          ]
                        ],
                        "v": [
                          [
                            83.81,
                            -22.142
                          ],
                          [
                            90.959,
                            -58.144
                          ],
                          [
                            1.257,
                            -148.555
                          ],
                          [
                            -91.039,
                            -57.564
                          ],
                          [
                            -83.888,
                            -22.142
                          ],
                          [
                            -1.801,
                            147.788
                          ],
                          [
                            1.724,
                            147.788
                          ]
                        ],
                        "c": true
                      }
                    ]
                  },
                  {
                    "t": 19
                  }
                ]
              },
              "nm": "Path 1",
              "mn": "ADBE Vector Shape - Group"
            },
            {
              "ty": "fl",
              "c": {
                "a": 0,
                "k": [
                  0.91,
                  0.3,
                  0.24,
                  1
                ]
              },
              "o": {
                "a": 0,
                "k": 100
              },
              "nm": "Fill 1",
              "mn": "ADBE Vector Graphic - Fill"
            },
            {
              "ty": "tr",
              "p": {
                "a": 0,
                "k": [
                  0,
                  0
                ],
                "ix": 2
              },
              "a": {
                "a": 0,
                "k": [
                  0,
                  0
                ],
                "ix": 1
              },
              "s": {
                "a": 0,
                "k": [
                  100,
                  100
                ],
                "ix": 3
              },
              "r": {
                "a": 0,
                "k": 0,
                "ix": 6
              },
              "o": {
                "a": 0,
                "k": 100,
                "ix": 7
              },
              "sk": {
                "a": 0,
                "k": 0,
                "ix": 4
              },
              "sa": {
                "a": 0,
                "k": 0,
                "ix": 5
              },
              "nm": "Transform"
            }
          ],
          "nm": "Shape 1",
          "np": 3,
          "mn": "ADBE Vector Group"
        }
      ],
      "ip": 0,
      "op": 32,
      "st": 0,
      "bm": 0,
      "sr": 1
    }
  ]
}