<?xml version="1.0" encoding="UTF-8"?>
<!DOCTYPE mapper PUBLIC "-//mybatis.org//DTD Mapper 3.0//EN" "http://mybatis.org/dtd/mybatis-3-mapper.dtd">
<mapper namespace="org.bcos.depot.mapper.EvidenceInfoDao">
  <resultMap id="BaseResultMap" type="org.bcos.depot.entity.EvidenceInfo">
    <id column="id" jdbcType="BIGINT" property="id" />
    <result column="block_height" jdbcType="INTEGER" property="blockHeight" />
    <result column="event" jdbcType="VARCHAR" property="event" />
    <result column="evidence_id" jdbcType="VARCHAR" property="evidenceId" />
    <result column="evidence_hash" jdbcType="VARCHAR" property="evidenceHash" />
    <result column="sign_data" jdbcType="VARCHAR" property="signData" />
    <result column="factory_address" jdbcType="VARCHAR" property="factoryAddress" />
  </resultMap>
  <sql id="Example_Where_Clause">
    <where>
      <foreach collection="oredCriteria" item="criteria" separator="or">
        <if test="criteria.valid">
          <trim prefix="(" prefixOverrides="and" suffix=")">
            <foreach collection="criteria.criteria" item="criterion">
              <choose>
                <when test="criterion.noValue">
                  and ${criterion.condition}
                </when>
                <when test="criterion.singleValue">
                  and ${criterion.condition} #{criterion.value}
                </when>
                <when test="criterion.betweenValue">
                  and ${criterion.condition} #{criterion.value} and #{criterion.secondValue}
                </when>
                <when test="criterion.listValue">
                  and ${criterion.condition}
                  <foreach close=")" collection="criterion.value" item="listItem" open="(" separator=",">
                    #{listItem}
                  </foreach>
                </when>
              </choose>
            </foreach>
          </trim>
        </if>
      </foreach>
    </where>
  </sql>
  <sql id="Update_By_Example_Where_Clause">
    <where>
      <foreach collection="example.oredCriteria" item="criteria" separator="or">
        <if test="criteria.valid">
          <trim prefix="(" prefixOverrides="and" suffix=")">
            <foreach collection="criteria.criteria" item="criterion">
              <choose>
                <when test="criterion.noValue">
                  and ${criterion.condition}
                </when>
                <when test="criterion.singleValue">
                  and ${criterion.condition} #{criterion.value}
                </when>
                <when test="criterion.betweenValue">
                  and ${criterion.condition} #{criterion.value} and #{criterion.secondValue}
                </when>
                <when test="criterion.listValue">
                  and ${criterion.condition}
                  <foreach close=")" collection="criterion.value" item="listItem" open="(" separator=",">
                    #{listItem}
                  </foreach>
                </when>
              </choose>
            </foreach>
          </trim>
        </if>
      </foreach>
    </where>
  </sql>
  <sql id="Base_Column_List">
    id, block_height, event, evidence_id, evidence_hash, sign_data, factory_address
  </sql>
  <select id="selectByExample" parameterType="org.bcos.depot.entity.EvidenceInfoExample" resultMap="BaseResultMap">
    select
    <if test="distinct">
      distinct
    </if>
    <include refid="Base_Column_List" />
    from t_evidence_info
    <if test="_parameter != null">
      <include refid="Example_Where_Clause" />
    </if>
    <if test="orderByClause != null">
      order by ${orderByClause}
    </if>
  </select>
  <select id="selectByPrimaryKey" parameterType="java.lang.Long" resultMap="BaseResultMap">
    select 
    <include refid="Base_Column_List" />
    from t_evidence_info
    where id = #{id,jdbcType=BIGINT}
  </select>
  <delete id="deleteByPrimaryKey" parameterType="java.lang.Long">
    delete from t_evidence_info
    where id = #{id,jdbcType=BIGINT}
  </delete>
  <delete id="deleteByExample" parameterType="org.bcos.depot.entity.EvidenceInfoExample">
    delete from t_evidence_info
    <if test="_parameter != null">
      <include refid="Example_Where_Clause" />
    </if>
  </delete>
  <insert id="insert" parameterType="org.bcos.depot.entity.EvidenceInfo">
    <selectKey keyProperty="id" order="AFTER" resultType="java.lang.Long">
      SELECT LAST_INSERT_ID()
    </selectKey>
    insert into t_evidence_info (block_height, event, evidence_id, 
      evidence_hash, sign_data, factory_address
      )
    values (#{blockHeight,jdbcType=INTEGER}, #{event,jdbcType=VARCHAR}, #{evidenceId,jdbcType=VARCHAR}, 
      #{evidenceHash,jdbcType=VARCHAR}, #{signData,jdbcType=VARCHAR}, #{factoryAddress,jdbcType=VARCHAR}
      )
  </insert>
  <insert id="insertSelective" parameterType="org.bcos.depot.entity.EvidenceInfo">
    <selectKey keyProperty="id" order="AFTER" resultType="java.lang.Long">
      SELECT LAST_INSERT_ID()
    </selectKey>
    insert into t_evidence_info
    <trim prefix="(" suffix=")" suffixOverrides=",">
      <if test="blockHeight != null">
        block_height,
      </if>
      <if test="event != null">
        event,
      </if>
      <if test="evidenceId != null">
        evidence_id,
      </if>
      <if test="evidenceHash != null">
        evidence_hash,
      </if>
      <if test="signData != null">
        sign_data,
      </if>
      <if test="factoryAddress != null">
        factory_address,
      </if>
    </trim>
    <trim prefix="values (" suffix=")" suffixOverrides=",">
      <if test="blockHeight != null">
        #{blockHeight,jdbcType=INTEGER},
      </if>
      <if test="event != null">
        #{event,jdbcType=VARCHAR},
      </if>
      <if test="evidenceId != null">
        #{evidenceId,jdbcType=VARCHAR},
      </if>
      <if test="evidenceHash != null">
        #{evidenceHash,jdbcType=VARCHAR},
      </if>
      <if test="signData != null">
        #{signData,jdbcType=VARCHAR},
      </if>
      <if test="factoryAddress != null">
        #{factoryAddress,jdbcType=VARCHAR},
      </if>
    </trim>
  </insert>
  <select id="countByExample" parameterType="org.bcos.depot.entity.EvidenceInfoExample" resultType="java.lang.Long">
    select count(*) from t_evidence_info
    <if test="_parameter != null">
      <include refid="Example_Where_Clause" />
    </if>
  </select>
  <update id="updateByExampleSelective" parameterType="map">
    update t_evidence_info
    <set>
      <if test="record.id != null">
        id = #{record.id,jdbcType=BIGINT},
      </if>
      <if test="record.blockHeight != null">
        block_height = #{record.blockHeight,jdbcType=INTEGER},
      </if>
      <if test="record.event != null">
        event = #{record.event,jdbcType=VARCHAR},
      </if>
      <if test="record.evidenceId != null">
        evidence_id = #{record.evidenceId,jdbcType=VARCHAR},
      </if>
      <if test="record.evidenceHash != null">
        evidence_hash = #{record.evidenceHash,jdbcType=VARCHAR},
      </if>
      <if test="record.signData != null">
        sign_data = #{record.signData,jdbcType=VARCHAR},
      </if>
      <if test="record.factoryAddress != null">
        factory_address = #{record.factoryAddress,jdbcType=VARCHAR},
      </if>
    </set>
    <if test="_parameter != null">
      <include refid="Update_By_Example_Where_Clause" />
    </if>
  </update>
  <update id="updateByExample" parameterType="map">
    update t_evidence_info
    set id = #{record.id,jdbcType=BIGINT},
      block_height = #{record.blockHeight,jdbcType=INTEGER},
      event = #{record.event,jdbcType=VARCHAR},
      evidence_id = #{record.evidenceId,jdbcType=VARCHAR},
      evidence_hash = #{record.evidenceHash,jdbcType=VARCHAR},
      sign_data = #{record.signData,jdbcType=VARCHAR},
      factory_address = #{record.factoryAddress,jdbcType=VARCHAR}
    <if test="_parameter != null">
      <include refid="Update_By_Example_Where_Clause" />
    </if>
  </update>
  <update id="updateByPrimaryKeySelective" parameterType="org.bcos.depot.entity.EvidenceInfo">
    update t_evidence_info
    <set>
      <if test="blockHeight != null">
        block_height = #{blockHeight,jdbcType=INTEGER},
      </if>
      <if test="event != null">
        event = #{event,jdbcType=VARCHAR},
      </if>
      <if test="evidenceId != null">
        evidence_id = #{evidenceId,jdbcType=VARCHAR},
      </if>
      <if test="evidenceHash != null">
        evidence_hash = #{evidenceHash,jdbcType=VARCHAR},
      </if>
      <if test="signData != null">
        sign_data = #{signData,jdbcType=VARCHAR},
      </if>
      <if test="factoryAddress != null">
        factory_address = #{factoryAddress,jdbcType=VARCHAR},
      </if>
    </set>
    where id = #{id,jdbcType=BIGINT}
  </update>
  <update id="updateByPrimaryKey" parameterType="org.bcos.depot.entity.EvidenceInfo">
    update t_evidence_info
    set block_height = #{blockHeight,jdbcType=INTEGER},
      event = #{event,jdbcType=VARCHAR},
      evidence_id = #{evidenceId,jdbcType=VARCHAR},
      evidence_hash = #{evidenceHash,jdbcType=VARCHAR},
      sign_data = #{signData,jdbcType=VARCHAR},
      factory_address = #{factoryAddress,jdbcType=VARCHAR}
    where id = #{id,jdbcType=BIGINT}
  </update>
</mapper>